word,n
blueberry,53
avocado,46
kale,42
goji,26
quinoa,23
spinach,22
chia_seed,21
nut,20
broccoli,19
acai,17
ginger,14
egg,12
berry,10
fish,9
sweet_potato,9
beet,7
green_tea,7
spirulina,6
almond,5
pomegranate,5
salmon,5
turmeric,5
wheatgrass,5
yogurt,5
oats,4
strawberry,4
walnut,4
banana,3
beans,3
flaxseed,3
garlic,3
kefir,3
kombucha,3
lentil,3
oily_fish,3
raspberry,3
wholegrains,3
blackberry,2
cauliflower,2
coconut,2
couscous,2
cranberry,2
dark_chocolate,2
grain,2
leafy_greens,2
legumes,2
matcha,2
olive_oil,2
pumpkin,2
seaweed,2
seed,2
alfalfa,1
alfalfa_sprout,1
allium,1
almond_butter,1
apple,1
asparagus,1
bean_sprout,1
blackcurrant,1
brazil_nut,1
brussel_sprout,1
buckwheat,1
cabbage,1
cacao,1
carrot,1
cashew,1
cashew_nut,1
chai_seed,1
chicken,1
chickpeas,1
coconut_oil,1
dark_green_leafy_veg,1
dragonfruit,1
edamame_bean,1
flax,1
flax_seed,1
gooseberry,1
green_algae,1
green_leafy_veg,1
honey,1
horseradish,1
keto,1
kiwi,1
leafy_green,1
leafy_green_vegetables,1
linseed,1
manuka_honey,1
marmite,1
miso,1
muesli,1
nuts_and_seed,1
oily_fish_salmon,1
olive,1
omega_seed_mix,1
orange,1
pak_choi,1
papaya,1
pea,1
peanut_butter,1
pistachio,1
potato,1
pulse,1
sauerkraut,1
seeds,1
spell,1
sprout,1
stevia,1
sunflower_seeds,1
tomato,1
veg,1
wheat,1
wheatgerm,1
wholegrain,1
