word,pos,n,food_cat
blueberry,FOOD,53,Fruits and Fruit Juices
avocado,FOOD,46,Fruits and Fruit Juices
kale,FOOD,42,Vegetables and Vegetable Products
goji,FOOD,26,Fruits and Fruit Juices
quinoa,FOOD,23,Cereal Grains and Pasta
spinach,FOOD,22,Vegetables and Vegetable Products
chia seed,FOOD,21,Nut and Seed Products
nut,FOOD,20,Nut and Seed Products
broccoli,FOOD,19,Vegetables and Vegetable Products
acai,FOOD,17,Fruits and Fruit Juices
ginger,FOOD,14,Vegetables and Vegetable Products
egg,FOOD,12,Dairy and Egg Products
berry,FOOD,10,Fruits and Fruit Juices
fish,FOOD,9,Finfish and Shellfish Products
sweet potato,FOOD,9,Vegetables and Vegetable Products
beet,FOOD,7,Vegetables and Vegetable Products
green tea,FOOD,7,Beverages
spirulina,FOOD,6,Vegetables and Vegetable Products
almond,FOOD,5,Nut and Seed Products
pomegranate,FOOD,5,Fruits and Fruit Juices
salmon,FOOD,5,Finfish and Shellfish Products
turmeric,FOOD,5,Spices and Herbs
wheatgrass,FOOD,5,Beverages
yoghurt,FOOD,5,Dairy and Egg Products
oats,FOOD,4,Cereal Grains and Pasta
strawberry,FOOD,4,Fruits and Fruit Juices
walnut,FOOD,4,Nut and Seed Products
banana,FOOD,3,Fruits and Fruit Juices
beans,FOOD,3,Vegetables and Vegetable Products
flaxseed,FOOD,3,Nut and Seed Products
garlic,FOOD,3,Vegetables and Vegetable Products
kefir,FOOD,3,Dairy and Egg Products
kombucha,FOOD,3,Beverages
lentil,FOOD,3,Legumes and Legume Products
oily fish,FOOD,3,Finfish and Shellfish Products
raspberry,FOOD,3,Fruits and Fruit Juices
wholegrains,FOOD,3,Cereal Grains and Pasta
blackberry,FOOD,2,Fruits and Fruit Juices
cauliflower,FOOD,2,Vegetables and Vegetable Products
coconut,FOOD,2,Nut and Seed Products
couscous,FOOD,2,Cereal Grains and Pasta
cranberry,FOOD,2,Fruits and Fruit Juices
dark chocolate,FOOD,2,Sweets
grain,FOOD,2,Cereal Grains and Pasta
leafy greens,FOOD,2,Vegetables and Vegetable Products
legumes,FOOD,2,Legumes and Legume Products
matcha,FOOD,2,Beverages
olive oil,FOOD,2,Fats and Oils
pumpkin,FOOD,2,Vegetables and Vegetable Products
seaweed,FOOD,2,Vegetables and Vegetable Products
seed,FOOD,2,Nut and Seed Products
