familiarity,names_1,names_2,names_3,names_4,names_5,names_6,names_7,names_8,names_9,names_10,words_1,words_2,words_3,words_4,words_5,words_6,words_7,words_8,words_9,words_10,definition,age,gender,diet,diet_5_TEXT
"Are you familiar with the term ""superfood""?",Name at least 5 superfoods. - 1.,Name at least 5 superfoods. - 2.,Name at least 5 superfoods. - 3.,Name at least 5 superfoods. - 4.,Name at least 5 superfoods. - 5.,Name at least 5 superfoods. - 6. (optional),Name at least 5 superfoods. - 7. (optional),Name at least 5 superfoods. - 8. (optional),Name at least 5 superfoods. - 9. (optional),Name at least 5 superfoods. - 10. (optional),List at least 5 adjectives that you associate with superfoods. - 1.,List at least 5 adjectives that you associate with superfoods. - 2.,List at least 5 adjectives that you associate with superfoods. - 3.,List at least 5 adjectives that you associate with superfoods. - 4.,List at least 5 adjectives that you associate with superfoods. - 5.,List at least 5 adjectives that you associate with superfoods. - 6. (optional),List at least 5 adjectives that you associate with superfoods. - 7. (optional),List at least 5 adjectives that you associate with superfoods. - 8. (optional),List at least 5 adjectives that you associate with superfoods. - 9. (optional),List at least 5 adjectives that you associate with superfoods. - 10. (optional),"In your own words, how would you define a superfood?",What is your age?,How do you identify?,Do you have any restrictions to your diet? - Selected Choice,Do you have any restrictions to your diet? - Other (please specify if you wish) - Text
"{""ImportId"":""QID6""}","{""ImportId"":""QID7_1""}","{""ImportId"":""QID7_2""}","{""ImportId"":""QID7_3""}","{""ImportId"":""QID7_4""}","{""ImportId"":""QID7_5""}","{""ImportId"":""QID7_6""}","{""ImportId"":""QID7_7""}","{""ImportId"":""QID7_8""}","{""ImportId"":""QID7_9""}","{""ImportId"":""QID7_10""}","{""ImportId"":""QID8_1""}","{""ImportId"":""QID8_2""}","{""ImportId"":""QID8_3""}","{""ImportId"":""QID8_4""}","{""ImportId"":""QID8_5""}","{""ImportId"":""QID8_6""}","{""ImportId"":""QID8_7""}","{""ImportId"":""QID8_8""}","{""ImportId"":""QID8_9""}","{""ImportId"":""QID8_10""}","{""ImportId"":""QID9_TEXT""}","{""ImportId"":""QID10_TEXT""}","{""ImportId"":""QID11""}","{""ImportId"":""QID12""}","{""ImportId"":""QID12_5_TEXT""}"
Yes,Blueberry,Avocado ,Kale,Sweet potato ,Egg,,,,,,Colourful,Energising ,Healthy,Detoxing ,Yummy,,,,,,"Full of antioxidants, vitamins and minerals ",33,Female,None of the above,
Yes,chia,goji,quinoa,ginger,avocado,,,,,,super,healthy,good,expensive,beneficial,,,,,,a food that gives you a benefit to your health,40,Male,None of the above,
Yes,Kale,Blueberries,Acai,Nuts,Avocado,,,,,,Healthy,Vitamins,Fibre,Expensive,Low-calorie,Fats,Keto,Natural,,,A superfood is a food that provides a lot of nutrients,23,Female,None of the above,
Yes,spinach,avocado,ginger,goji berries,chia seeds,fish,eggs,,,,healthy,energising,beneficial,natural,nutritious ,,,,,,"Foods that are extremely high in beneficial nutrients, proteins etc. Foods that we are encouraged to eat a lot of to maintain a balanced and healthy diet. ",23,Female,None of the above,
Yes,Blueberries ,Broccoli,Chia seeds,Kale,Spinach,,,,,,Healthy,Anti-ageing,Bright,Fresh,Delicious ,Expensive ,,,,,"A food that contains anti-oxidants and helps to promote autophagy and cell renewal to keep the body functioning at its optimum, fighting infection and combatting ageing. ",38,Female,Other (please specify if you wish),Crohn’s disease; avoid gluten and lactose 
Yes,goji berries,omega seed mixes,brazil nuts,walnuts,wheatgrass,,,,,,vitamin rich,healthy,energy boost,brain health,balanced diet,,,,,,something that is rich in vitamins and minerals that has a perceived benefit to your health and well being,40,Female,None of the above,
Yes,Blueberries,Broccoli,Goji Berries,Ginger,Quinoa,,,,,,Healthy,Expensive,Organic,Nutritious,Adaptable,,,,,,A superfood is an edible item which has multiple benefits for the human body and a high vitamin content. It could also describe items that are environmentally friendly to farm/cultivate,36,Male,None of the above,
Yes,Goji berry,chia seed,blueberries,kale,wheatgrass,avocado,pomegranate,,,,healthy,tasty,wholesome,staple,balanced,,,,,,a food that is potentially nutrient dense and rich in vitamins and minerals. Should be consumed along with other foods as part of a balanced diet,30,Male,None of the above,
Yes,Kale,Spinach,Nuts,Seeda,Quinoa,,,,,,Healthy,Nutritious ,Balanced,Invigorating ,Overrated ,,,,,,A nutrient dense food ,32,Female,Other (please specify if you wish),I eat local meat and no fish
Yes,Acai,Blueberry,Kale,Chia seed,Avocado,Goji Berry,,,,,Healthy,Nutritious,Expensive,Trendy,Popular,,,,,,Food with health benefits and special properties,31,Female,None of the above,
Yes,Blueberries,Avocado,Broccoli,Asparagus,Bean sprouts,,,,,,Gimmicky,Marketed,Advertised,Nonsensical ,Empty,,,,,,A food product marketed as having greater nutritional or health benefits than commonly expected. Usually those benefits are ‘suggested and implied’ rather than proven.,32,Male,Other (please specify if you wish),"Part time vegetarian (mostly vegetarian, but occasional rare exceptions for free range meat)"
Yes,brocolli,blueberries,brussel sprouts,nuts,acocado,,,,,,healthy,nutritious,tasty,expensive,organic,,,,,,"A healthy, nutritious food.  Most likely grown organically.  Most likely it is a fruit or vegetable.  Blueberries always spring to mind when anyone asks me what a superfood is.  ",41,Male,Other (please specify if you wish),Low carbs
Yes,avocado ,acai ,potato,goji,quinoa,,,,,,healthy,antioxidant,Nutritional ,booster,diet,,,,,,A superfood is a food that's considered very beneficial to a person's health and contributes to boosting their immune system due to their nutrients ,21,Female,None of the above,
No,quinoa,avocado,broccoli,bananas,apples,,,,,,healthy,wholesome,happy,expensive,hearty,,,,,,A food that has multiple benefits to it.,28,Female,None of the above,
Yes,kale,spinach,avocado,ginger,chia seeds,,,,,,healthy,lean,fitness,strong,wellness,,,,,,more nutritional density compared to other fruit and veg ,29,Female,None of the above,
Yes,QUINOI,COUSCOUS,AVACADO,NUTS,PEANUT BUTTER,,,,,,FILLING,ENERGY,TASTY,HEALTHY,EXPENSIVE,,,,,,"A FOOD THAT IS FILLING, NUTRITIOUS, HEALTHY, GOOD FOR YOU",32,Female,None of the above,
Yes,acai,miso,kale,spirulina,blueberries,,,,,,healthy,vitamins,minerals,fresh,zingy,,,,,,something that is packed with vitamins and minerals,38,Female,None of the above,
Yes,goji berries,spirulina,linseeds,chia seeds,walnuts,,,,,,health,vitality,longevity,brain function,heart health,,,,,,something you can consume to improve health,32,Female,Vegan,
Yes,spinach,beans,broccoli,peas,nuts,,,,,,healthy,green,natural,plant based,vegetables,,,,,,"something plantbased, like vegetables, that are really good for you and are nutritious",27,Female,Vegan,
Yes,kale,spinach,cabbage,pak choi,couscous,,,,,,healthy,filling,nutritious,green,eco-friendly,,,,,,a food that typically provides 50% or more of the body's nutritional needs ,37,Male,None of the above,
Yes,avocado,leafy greens,kale,berries,dark chocolate,,,,,,healthy,expensive,hippy,vegan,salad,,,,,,nutritional foods that provide a health benefit,21,Female,None of the above,
Yes,blueberry,pomegranate,quinoa,wholegrains,beetroot,,,,,,healthy,vitamins,minerals,colourful,vegan,,,,,,A superfood is one which has a wide variety of health benefits such as a high vitamin and mineral content,51,Female,None of the above,
Yes,Blueberries,Quinoa,Oats,Edamame beans,Chia seeds,,,,,,Energising,Revitalising,Nutritious,Rejuvenating,Wonderful,,,,,,A food that has high nutritional or other qualities more than others,46,Female,None of the above,
Yes,Kale ,Blueberries,Avocado,Nuts,Flax,,,,,,Healthy ,Nutritious,Bright ,Powerful,New,,,,,,A food that includes an unusually high number of nutritious properties and a greater level of vitamins and or minerals which can have a powerful positive impact on the body. ,21,Female,Vegetarian,
Yes,Blueberries,Goji berries,Spirulina,Don't know,Don't know,,,,,,Healthy,Expensive,Don't know,Don't know,Don't know,,,,,,I think a superfood is a food that has a high level of a particular ingredient that can improve your health.,35,Female,None of the above,
Yes,blueberries,chai seeds,quinoa,green tea,eggs,,,,,,healthy,high density,low calorie,high protein,low sugar,,,,,,"a food that has big health benefits, low calorie but high density foods which keep you fuller for longer",32,Female,None of the above,
Yes,Blueberries,Ginger,Quinoa,Chia Seeds,Avocado,,,,,,Health,Power,Strength,Useful,Available,,,,,,A food that provides a superior benefit to all other foods in ways that benefit the user's health and body,19,Male,None of the above,
Yes,kale,blueberries,quinoa,lentils,spinach,,,,,,healthy,beneficial,green,clean,eco-friendly,,,,,,a healthy food that has health benefits to the body from comsumption that other foods cant provide,20,Female,None of the above,
Yes,Kale,Cauliflower,Quinoa,Acai Berries,Almonds,,,,,,healthy,natural,fresh,organic,plain,,,,,,A food that is high in nutritional content and can help lead to a healthy diet.,33,Male,None of the above,
Yes,Acai Berries,Kale,Oats,Blueberries,Bananas,,,,,,Robust,Dense,Calorific,Healthy,Nutritious,,,,,,"A food which has multiple nutritionally benefits, and equally a relatively low calorie count",30,Male,None of the above,
Yes,chia seeds,cacao,quinoa,coconut,goji berries,buckwheat,,,,,healthy,clean,fresh,vegan,natural,,,,,,a food that is extremely good for you and contributes to a healthy diet,21,Female,None of the above,
Yes,Blueberries,Avocado,Sweet Potato,Fish,Whole grains ,,,,,,Healthy,Nutritious ,Beneficial ,Superior,Tasty,,,,,,A food which has a particular health benefit from taking it or it is believed to be good for your health,23,Female,None of the above,
Yes,papaya,blueberries,spinach,kale,sunflower seeds,,,,,,healthy,green,antioxident,energizing,detoxing,,,,,,i think they're foods that have low calories and a lot of nutrients ,30,Female,None of the above,
Yes,Quinoa,Ginger,Avocado,Blueberries,Walnuts,,,,,,Boring,Bland,Hard,Soft,Unappealing ,,,,,,A food that gives you all the nutrients your body needs ,42,Male,None of the above,
Yes,ginger,avocado,sweet potato,blueberries,beets,,,,,,high in vitamins,nutrient ,healthy,tasty ,good,,,,,,Superfood is food that is known to have many good nutrient qualities that are good for the body.,18,Female,None of the above,
Yes,Avocado,Almonds,Blueberries,Eggs,Fish,,,,,,Healthy,Green,Protein,Creamy,Good,,,,,,A healthy food that provides multiple essential nutrients.,36,Male,None of the above,
Yes,goji berry,chia seeds,spinach,acai berry,avocado,,,,,,healthy,nutritious,beneficial,vitamins,minerals,,,,,,A food that is nutrient rich and has a incredibly positive impact on your body,22,Female,None of the above,
Yes,Kale,Spianch,Eggs,Almonds,Sweet Potato,,,,,,Healthy,Green,Filling,Easy,Bland,,,,,,"A food that has a high nutrient density, often given more superficial benefits as it is not a term that is scientifically used.",21,Male,None of the above,
Yes,spinach,blackcurrants,kale,broccoli,blueberries,,,,,,health,antioxidents,weight control,healthy heart,longevity,,,,,,something good for the body that increases its general health and wellbeing and improved lifespan,61,Male,None of the above,
Yes,Quinoa,Avocado,Sweet Potato,Acai,Flaxseed,,,,,,Natural,Organic,Pure,Nutritious,Expensive,,,,,,A superfood is a food classed as being specifically nutritious with lots of added health benefits,32,Female,None of the above,
Yes,berries,Wheat,Nuts,Brocelli,Cauliflower,,,,,,green,red,sweet,hard,soft,,,,,,"a super food is a type of food that contains extra goodness - that might be protein, vitamins and supports with healthy eating/body",40,Male,None of the above,
Yes,kale,ginger,berries,nuts,fish,,,,,,healthy,nutritious ,natural,tasty,flavour,,,,,,A superfood is something high in nutrients that is beneficial to health when consuming.,25,Female,None of the above,
Yes,Wheatgrass,Blueberries,Goji Berries,Kale,Chia seeds,,,,,,Marketed,Expensive,Overpriced,Overhyped,Imported,,,,,,"A food that is promoted by the media, or companies selling it, for its supposed health benefits.",29,Female,None of the above,
Yes,Broccoli,Kale,Eggs,Blueberries,Turmeric,,,,,,Healthy,Nutritious,Green,Beneficial,Wholesome,,,,,,"A food packed with a lot of nutrients and vitamins, that are seen as healthy to eat and should be a big part of any healthy diet",25,Male,None of the above,
Yes,spinach,honey,banana,grains,nuts,,,,,,healthy,strong,energising,life giving,life enhancing,,,,,,"a food that is really good for you and has several benefits.  The benefits can be other things than just eating it, for example honey is good for burn scars.",61,Female,Vegetarian,
Yes,berries,nuts,fish,grains,yogurt,,,,,,healthy,superior,hearty,strong,fresh,,,,,,a food that is very healthy and rich in nutrients,25,Female,None of the above,
Yes,fish,yogurt,veg,whole grains,nuts,,,,,,sweet,savory,healthy,nutrisious,fibre,,,,,,term used to claim a food hashealth benefits,18,Female,None of the above,
Yes,blueberries,spirulina,acai,broccoli,green alagae,,,,,,expensive,small ,micronutrient,colourful,health,,,,,,a food that is said to be more healthy than average,40,Female,None of the above,
Yes,goji berries,kale,brocolli,avocado,nuts,,,,,,healthy,bursting,fuel-filled,fulfilling,great,,,,,,a food which provides loads of nutrients and vitamins,46,Female,None of the above,
No,None,None ,None ,None ,None ,,,,,,Fast,Beneficial ,Healthy ,None ,None ,,,,,,Not sure ,64,Male,None of the above,
Yes,Goji berry,Stevia,Acai berry,Wheatgrass,Kale,,,,,,Healthy,Green,Expensive,Bitter,Rare,,,,,,"A food which has health benefits, usually anti-aging or high in vitamins. Superfoods are also usually uncommon and found in exotic places around the world. ",23,Male,None of the above,
Yes,Blueberries,Kale,Spinach,Cashews,Olives,,,,,,Healthy,Enriching,Beneficial,Nutritious,Vegan,,,,,,A kind of food which contains above average amounts of multiple nutrients.,23,Female,Vegetarian,
Yes,matcha,ginger,chia seeds,salmon,goji berries,,,,,,healthy,powerful,balanced,nutritious,natural,,,,,,a healthy food that has lots of antioxidants and nutrients,24,Female,None of the above,
Yes,Marmite,Carrots,Oranges,Apples,Fish,,,,,,Healthy,Medicinal,Trendy,Fad,Good,,,,,,A typical/everyday food item that has health benefits.,33,Female,None of the above,
Yes,Goji berries,Avocado,Kale,Broccoli,Oats,,,,,,Low-fat,Heart-healthy,Antioxidant,Energy-boosting,Detoxifying,,,,,,A food that contains a good range of nutrients.,50,Female,"Pescetarian (no meat, but eat fish and/or shellfish)",
Yes,Acai,Kale,Dragonfruit ,Spinach ,Blueberries,Flaxseed,,,,,Healthy,Fruity,Expensive,Nutritious ,Organic,,,,,,Superfoods have a ton of nutrients in a small portion. ,20,Female,Vegetarian,
Yes,avocado,berries,broccoli,garlic,seeds,,,,,,healthy,enrgising,nutritious ,balanced,SUBSTANTIAL ,,,,,,"A food which is considered to be especially nutritious, good for health and well being.",36,Female,None of the above,
Yes,Goji berries,Spinach,Kale,Turmeric,Salmon,,,,,,Healthy,Boost,Nutritious,Powerful,Good,,,,,,"A food which is very rich in nutrients and vitamins, and provides health benefits",29,Female,None of the above,
Yes,kale,acai berries,cashew nuts,pistachio,berries,,,,,,healthy,nutritious,rare,dear,natural,,,,,,a nutrient packed food,28,Female,None of the above,
Yes,Kale,Avocado,Ginger,Sweet Potato,Brocolli,,,,,,Boring,Restrictive,Bland,Bitter,Overrated,,,,,,A food item that claims to give nutritional and health benefits from regular consumption.,20,Female,None of the above,
Yes,Blueberries,Kale,Avocado,Spinach,Ginger,Green Tea,,,,,Healthy,Good,Nutritious,Natural,Green,,,,,,A food with health benefits,26,Female,None of the above,
Yes,Beans ,Strawberries ,Avocado ,Beets ,Blueberries ,Kale ,,,,,Bright ,Clean ,Gorgeous ,Muscular ,Attractive ,,,,,,Superfood is a marketing term for food claimed to confer health benefits resulting from an exceptional nutrient density. When I was on slimming world they would use superfood to help with more advanced weight loss the following week ,31,Male,Vegetarian,
Yes,Blueberries,Spinach,Nuts,Egg,Garlic,Ginger,,,,,Green,Clean,Healthy,Energising ,Cleansing ,Safe,Helpful,,,,"A superfood is rich in nutrients and contains properties such as being anti-inflammatory which can help to target health problems. Superfoods are, although often boring, a cleaner, more reliable substitute to add to your diet. ",20,Female,None of the above,
Yes,Blueberries,Goji berries,tomatoes,alfalfa,quinoa,,,,,,nutritious,healthy,expensive,faddish,promoted,,,,,,A food which has an unusually high amount of vitamins or has other health giving nutritional benefits over and above food. ,63,Male,None of the above,
Yes,keto,kale,chicken,avocado,sweet potatoes,,,,,,great,healthy,energy,calm,delightful,,,,,,a food with a lot of protein or healthy fats,27,Male,None of the above,
Yes,Akai,Avocado,Wheatgrass,Goji Berries,Quinoa,,,,,,Pretentious,Idealistic,Healthy,Super,Food,,,,,,A fad diet,50,Female,None of the above,
Yes,Chia seeds,Blueberries,Pomegranate,Spelt ,sweet potatoes ,avocado ,,,,,healthy,natural,wholesome,green,tasty,,,,,,High in anti-oxidants and other nutrients ,55,Female,Other (please specify if you wish),Keto
Yes,Nuts,Avocados,Horseradish,Sweet Potato,Blueberries,Leafy Greens,Whole Grains,,,,Health,Vitality,Energizing,Boosting,Power,,,,,,A type of food that is considered to be really good for a persons health.,43,Male,None of the above,
Yes,Blueberries,Broccoli,Goji berries,chia seeds,kale,,,,,,healthy,boosting,immune,energy,worthy,,,,,,a superfood is a (usually) plant-based food with enhanced and multiple benefits to health.,57,Female,Vegetarian,
Yes,Raspberries,Blackberries,Nuts,Eggs,Strawberries?,,,,,,Full,Fabulous,helpful,perfect,tasty,,,,,,A food that even a small quantity of contains a large amount of a key chemical that is required for a healthy body,35,Male,Other (please specify if you wish),No Cheese
Yes,kale,broccoli,blueberries,beets,flax seeds,,,,,,healthful,healing,energizing,anti-inflammatory ,antioxidative,,,,,,A plant that has specific known health promoting benefits that make it stand out from other foods.,24,Male,Vegan,
Yes,Blueberry,Oats,Fish,Olive Oil,Yoghurt,,,,,,Healthy,Antioxidant,Anticarcinogen,Cleansing,Detoxing,,,,,,"Superfoods are natural organic foods that science has discovered can help make or keep you healthy and have attributes such as fighting cancers, pulmonary diseases and boosting your immune system and body functions in general.",43,Male,None of the above,
Yes,Blueberries,Avocados,Quinoa,Turmeric,Kale,,,,,,Healthy,Nutrition,Colourful,Flavour,Vitamins,,,,,,"A healthy food that has not been processed, preferably organic and full of vitamins and minerals and low in fat.",43,Female,None of the above,
Yes,blueberries,kale,avocado,goji berries,pomegranate,almonds,,,,,healthy,beneficial,superior,vitamins,nutrients,antioxidants,,,,,A food that has certain benefits that improve your diet. They contain a high degree of a particular attribute that will have a good impact when eaten as part of a healthy balanced diet. ,32,Female,None of the above,
Yes,acai,blueberries,avocado,spirulina,quinoa,broccoli,coconut,chia seeds,green tea,pumpkin,healthy,anti oxidant,energising,revitalising,boosting,cleansing,,,,,"superfoods are nutritious, healthy and organic",37,Female,Vegan,
Yes,Fish,Eggs,Kiwi,Pumpkin,Nuts,Blueberries,,,,,Healthy,Strong,Benificial,Tasty,Necessary ,,,,,,"A food that is high in certain aspects, extra healthy and really a food that should be a necessity. ",20,Female,None of the above,
Yes,leafy greens,berries,nuts,pulses,eggs,green tea,,,,,healthy,beneficial,anti-oxidant,anti-inflammatory,nutricious,,,,,,"Foods which contain elements which are beneficial to the body's well being. They can boost immunity, reduce inflammation and are reported to improve a person's overall health. ",61,Female,None of the above,
Yes,seaweed,avocado,kefir,kombucha,acai berry,beetroot,pomegranate,,,,healthy,healing,nutritional,microbiotic,valuable,,,,,,"containing a higher than usual or broader spectrum or more bioavailable range of vitamins, minerals, enzymes or other nutrients.",61,Female,None of the above,
Yes,salmon,kale,avocado,eggs,wheatgerm,,,,,,nutritious,healthy,new,beneficial,energetic,,,,,,"A non-scientific term for foods which are highly nutritious, more so than other foods, Often described as being particularly beneficial to health. An advertising term.",64,Female,Vegetarian,
Yes,kale,blueberries,spinach,quinoa,almond butter,,,,,,healthy,nutritious,anti-oxidant,leafy,high in fibre,,,,,,A food which is considered to be exceptionally rich in nutrients.,32,Female,None of the above,
Yes,raspberries,Quinoea,Salmon,avocado,blueberries,,,,,,tasty,delicious,fresh,uncooked,ready,,,,,,"something that's really fresh, healthy and good for you and doesn't take a lot if any cooking.",60,Female,None of the above,
Yes,Goji berries,Blueberries,Ginger,Kale,Avocado,,,,,,nutritious,healthy,fresh,nourishing,energising,,,,,,A food with a high amount of nutrition and vitamins etc that gives you a particularly high amount of things your body needs in one go.,25,Other/Prefer not to share,Vegetarian,
Yes,avocado,spinach,macha,chia seeds,berries,kombucha,kefir,oily fish,yoghurt,,healthy,nutritional,healing,pure,natural,,,,,,A natural food with a large number of health benefits including high levels of vitamins and minerals,20,Female,Other (please specify if you wish),Gluten-free
Yes,lentils,spinach,quinoa,alliums,beets,avocado,blueberries,,,,healthy,nutrients,antioxidants,vitamins,minerals,,,,,,"a food that either contains a HUGE array of beneficial nutrients for the human body, or a food that contains nutrients that are relatively ""rare"" in dietary terms. ",36,Male,None of the above,
Yes,Quinoa,Goji berries,Chia seeds,Kale,Sauerkraut,Avocado,Seaweed,,,,Nourishing,Beneficial,Wholesome,Natural,Unprocessed,Organic,,,,,A nutrient-dense wholefood with powerful nutritive benefits. ,31,Male,None of the above,
Yes,beetroot,blueberries,acai,brocolli,kale,,,,,,viitamins,minerals,health,antioxidant,fresh,,,,,,Foods full of nutrients which can provide health benefits more than the average foood,24,Female,None of the above,
Yes,kale,spinach,Raspberries,Strawberries,Blueberries,Blackberries,Cranberries,,,,healthy,antioxidant,protective,anti-inflammatory,vitamins,minerals,nutrients,,,,"Naturally healthy, helping to reduce cholesterol and natural weight loss and generally something good for your body and mind",52,Female,None of the above,
Yes,Strawberry,Blueberry,Spinach,Kombucha,Chia seed,,,,,,Faddy,Expensive,Doubtful,Advertizing,Changeable,,,,,,Any homegrown organic produce with little food miles......very fresh,66,Female,Other (please specify if you wish),omniverous
Yes,Berries,Dark Green Leafy Veg,Oily fish Salmon,Sprouts,Avocado,Nuts and seeds,Eggs,Legumes,Green Tea,Yoghurt,Healthy,Beneficial,good food,energetic,high-fibre,,,,,,"A nutritious, nutrient rich food that is beneficial to my health and general wellbeing. Especially good for my gut",47,Female,None of the above,
Yes,cranberry,gooseberry,chia seeds,flaxseed,avocado,kefir,,,,,healthy,nutritious,beneficial,good,tasty,,,,,,I would define it as a type of food that promotes for a healthy mind and body. It may contain vitamins and minerals that would boost your immune system. ,32,Female,None of the above,
Yes,nuts,berries,leafy green vegetables,turmeric,oily fish,,,,,,nutritious,healthy,natural,organic,fresh,,,,,,"A food that has more health-giving properties than other types of food. Foods that improve health (eg improve digestive health, reduce cholesterol) rather than just providing sustenance. ",61,Male,None of the above,
Yes,Blueberries,Broccoli,Muesli,Avocado,Banana,,,,,,Anti-ageing,Multi vitamins,High energy,Gluten free,Anti allergenic,,,,,,"A superfood is one that contains many good things such as high vitamin content, anti-oxidants, but very limited or no sugar or fats.",77,Female,None of the above,
No,YOGURT,TOMATOES,NUTS,BERRIES,FISH,SALAD,SEAWEED,CRICKETS,EDIBLE WORMS,ANT EGGS,EXOTIC,YUMMY,DELICIOUS,TASTY,TANGY,SWEET,CREAMY,MOUTH WATERING,ADDICTIVE,,A superfood is something that is exotic and rare. It has all the necessary nutrients that our body needs on daily basis. It is not part of a regular diet. ,45,Male,None of the above,
No,Eggs,Turmeric,Garlic,Ginger,Mushrooms,Lettuce,Potatoes,,,,Green ,garden fresh ,nourishing,organic,healthy,pickled,,,,,"Essentially, superfoods are healthy and wholesome foods that are good for ones health and wellbeing ",41,Female,Other (please specify if you wish),halal
Yes,blueberries,acai,goji berries,avacado,broccoli,nuts,seeds,spriulina,,,blue,red ,green ,healthy ,juicy,vitamin packed,mineral packed,organic,,,A superfood to me is a plant based food that delivers a high amount of vitamins and minerals providing an anti-oxidant effect on the body therefore helping to promote a healthier body and mind.,51,Female,Other (please specify if you wish),lactose intolerant
Yes,Salmon,Nuts,Blueberries ,Avocados ,Beans,,,,,,Healthy,Nutritious ,Delicious ,Essential ,Inclusive ,,,,,,A food that has a purportedly high nutrient density ,19,Male,None of the above,
Yes,almonds,quinoa,acovado,manuka honey,olive oil,kale,lentils,chickpeas,walnuts,,healthy,silly,trendy,modern,expensive,,,,,,"Food that has been claimed to have beneficial effects on your health, which are rich in protein, vitamins and fibre. ",31,Male,Vegan,
Yes,goji berries,green tea,green leafy veg,blueberries,oily fish,,,,,,expensive,over-hyped,unnecessary,marketed,nutritious,,,,,,Something that some clever marketing person has decided to hype up as mega nutritious ,48,Female,None of the above,
Yes,chia seeds,goja berries,coconut oil,alfalfa sprouts,dark chocolate,,,,,,clean,healthy,seeds,expensive,hippy,,,,,,a plant with properties that improve your health,44,Female,Vegan,
Yes,blueberries,green tea,legumes,garlic,ginger,turmeric,,,,,healthy,nutrient-rich,fiberous,disease fighting,antioxident,,,,,,A superfood is a food that contains a high level of nutrients that are good for your body. They are rich in one or multiple nutrients for instance antioxidants or omega 3 or vitamin D.,26,Male,None of the above,
