"food","food_cat"
"kale","Vegetables and Vegetable Products"
"asparagus","Vegetables and Vegetable Products"
"lettuce","Vegetables and Vegetable Products"
"cauliflower","Vegetables and Vegetable Products"
"tomatoes","Vegetables and Vegetable Products"
"beets","Vegetables and Vegetable Products"
"blueberries","Fruits and Fruit Juices"
"pomegranate","Fruits and Fruit Juices"
"strawberries","Fruits and Fruit Juices"
"avocado","Fruits and Fruit Juices"
"olives","Fruits and Fruit Juices"
"broccoli","Vegetables and Vegetable Products"
"walnuts","Nut and Seed Products"
"grapes","Fruits and Fruit Juices"
"celery","Vegetables and Vegetable Products"
"mango","Fruits and Fruit Juices"
"seaweed","Vegetables and Vegetable Products"
"cranberries","Fruits and Fruit Juices"
"chickpeas","Legumes and Legume Products"
"cherries","Fruits and Fruit Juices"
"cucumber","Vegetables and Vegetable Products"
"kiwi_fruit","Fruits and Fruit Juices"
"carrots","Vegetables and Vegetable Products"
"flax_seeds","Nut and Seed Products"
"okra","Vegetables and Vegetable Products"
"pear","Fruits and Fruit Juices"
"quinoa","Cereal Grains and Pasta"
"pineapple","Fruits and Fruit Juices"
"mussels","Finfish and Shellfish Products"
"hazelnuts","Nut and Seed Products"
"banana","Fruits and Fruit Juices"
"apricot","Fruits and Fruit Juices"
"cantaloupe","Fruits and Fruit Juices"
"artichoke","Vegetables and Vegetable Products"
"corn","Vegetables and Vegetable Products"
"peach","Fruits and Fruit Juices"
"honeydew_melon","Fruits and Fruit Juices"
"brussels_sprouts","Vegetables and Vegetable Products"
"oysters","Finfish and Shellfish Products"
"aloe_vera_juice","Beverages"
"apple","Fruits and Fruit Juices"
"watermelon","Fruits and Fruit Juices"
"fig","Fruits and Fruit Juices"
"raisins","Fruits and Fruit Juices"
"cashew_nuts","Nut and Seed Products"
"beef_sirloin","Beef Products"
"orange","Fruits and Fruit Juices"
"anchovy","Finfish and Shellfish Products"
"lime","Fruits and Fruit Juices"
"chicken_thighs","Poultry Products"
"flaxseed_oil","Fats and Oils"
"trout","Finfish and Shellfish Products"
"honey","Sweets"
"plain_yogurt","Dairy and Egg Products"
"cereal","Breakfast Cereals"
"roasted_lamb","Lamb, Veal, and Game Products"
"tea","Beverages"
"potato_gnocchi","Cereal Grains and Pasta"
"apple_cider","Beverages"
"vegetable_broth","Soups, Sauces, and Gravies"
"ramen_noodle_soup","Soups, Sauces, and Gravies"
"coconut_milk","Nut and Seed Products"
"chicken_breast","Poultry Products"
"roasted_turkey","Poultry Products"
"roasted_peanuts","Nut and Seed Products"
"chicken_enchilada","Meals, Entrees, and Side Dishes"
"soy_milk","Legumes and Legume Products"
"pork_spareribs","Pork Products"
"sorbet","Sweets"
"baked_sweet_potato","Vegetables and Vegetable Products"
"pad_thai","Meals, Entrees, and Side Dishes"
"brown_sugar","Sweets"
"chicken_curry","Meals, Entrees, and Side Dishes"
"wasabi_peas","Snacks"
"bran_flakes","Breakfast Cereals"
"oatmeal","Breakfast Cereals"
"hummus","Legumes and Legume Products"
"macaroni_cheese","Meals, Entrees, and Side Dishes"
"pork_loin","Pork Products"
"beef_shortribs","Beef Products"
"pita_bread","Baked Products"
"mozzarella_cheese","Dairy and Egg Products"
"guacamole","Soups, Sauces, and Gravies"
"dark_chocolate","Sweets"
"pork_chop","Pork Products"
"egg_omelet","Dairy and Egg Products"
"rice_pudding","Sweets"
"smoked_salmon","Finfish and Shellfish Products"
"spaghetti","Cereal Grains and Pasta"
"sushi","Meals, Entrees, and Side Dishes"
"roasted_almonds","Nut and Seed Products"
"duck","Poultry Products"
"oatmeal_raisin_cookie","Baked Products"
"clam_chowder","Soups, Sauces, and Gravies"
"french_onion_soup","Soups, Sauces, and Gravies"
"sour_cream","Dairy and Egg Products"
"chorizo","Sausages and Luncheon Meats"
"cheddar_cheese","Dairy and Egg Products"
"chicken_noodle_soup","Soups, Sauces, and Gravies"
"cream_cheese","Dairy and Egg Products"
"caesar_salad","Meals, Entrees, and Side Dishes"
"dumpling","Meals, Entrees, and Side Dishes"
"smoked_ham","Sausages and Luncheon Meats"
"multigrain_bagel","Baked Products"
"crab_cake","Finfish and Shellfish Products"
"mashed_potatoes","Vegetables and Vegetable Products"
"granola_bar","Snacks"
"chewing_gum","Sweets"
"naan","Baked Products"
"lemonade","Beverages"
"peanut_butter","Legumes and Legume Products"
"quiche","Meals, Entrees, and Side Dishes"
"mayonnaise","Fats and Oils"
"ravioli","Meals, Entrees, and Side Dishes"
"brandy","Beverages"
"chicken_burrito","Meals, Entrees, and Side Dishes"
"beef_jerky","Snacks"
"lasagna","Meals, Entrees, and Side Dishes"
"chicken_nuggets","Meals, Entrees, and Side Dishes"
"scrambled_eggs","Dairy and Egg Products"
"shortbread_cookie","Baked Products"
"frozen_yogurt","Sweets"
"baked_beans","Vegetables and Vegetable Products"
"french_fries","Vegetables and Vegetable Products"
"mocha","Beverages"
"popcorn","Snacks"
"biscotti","Baked Products"
"lemon_meringue_pie","Baked Products"
"scone","Baked Products"
"fajita","Meals, Entrees, and Side Dishes"
"margarita","Beverages"
"macaroon","Baked Products"
"crepe","Baked Products"
"mousse","Sweets"
"whipped_cream","Dairy and Egg Products"
"churros","Baked Products"
"bacon","Pork Products"
"beer","Beverages"
"sponge_cake","Baked Products"
"cola","Beverages"
"marshmallow","Sweets"
"cinnamon_bun","Baked Products"
"onion_rings","Meals, Entrees, and Side Dishes"
"jam","Sweets"
"pepperoni","Sausages and Luncheon Meats"
"peanut_butter_cookie","Baked Products"
"french_toast","Baked Products"
"carrot_cake","Baked Products"
"espresso","Beverages"
"hamburger","Meals, Entrees, and Side Dishes"
"eggnog","Dairy and Egg Products"
"waffle","Baked Products"
"pecan_pie","Baked Products"
"smores","Sweets"
"croissant","Baked Products"
"chicken_wings","Poultry Products"
"tiramisu","Baked Products"
"english_muffin","Baked Products"
"lard","Fats and Oils"
"soft_pretzels","Snacks"
"cheesecake","Baked Products"
"pancakes","Baked Products"
"milkshake","Beverages"
"pepperoni_pizza","Meals, Entrees, and Side Dishes"
"donut","Baked Products"
"cappuccino","Beverages"
"ice_cream","Sweets"
"cheeseburger","Meals, Entrees, and Side Dishes"
