"food","energy","totfat","satfat","totsug","salt","sodium","protein","food_cat","totfatc","satfatc","totsugc","saltc"
"aloe_vera_juice",53,0.25,0.05,10,0.005,2,0.36,"Beverages",1,1,2,1
"anchovy",210,9.7,2.2,0,9.2,3668,28.89,"Finfish and Shellfish Products",2,2,1,3
"apple",52,0.25,0.05,10,0,1,0.26,"Fruits and Fruit Juices",1,1,2,1
"apple_cider",46,0.25,0.05,9.6,0.005,4,0.1,"Beverages",1,1,2,1
"apricot",48,0.25,0.05,9.2,0,1,1.4,"Fruits and Fruit Juices",1,1,2,1
"artichoke",47,0.25,0.05,1,0.24,94,3.27,"Vegetables and Vegetable Products",1,1,1,1
"asparagus",20,0.25,0.05,1.9,0.005,2,2.2,"Vegetables and Vegetable Products",1,1,1,1
"avocado",160,15,2.1,0.7,0.02,7,2,"Fruits and Fruit Juices",2,2,1,1
"bacon",468,35,12,0,4.2,1684,33.92,"Pork Products",3,3,1,3
"baked_beans",94,0.9,0.3,5.7,1.1,437,5.15,"Vegetables and Vegetable Products",1,1,2,2
"baked_sweet_potato",107,2.5,0.5,6.2,0.93,371,1.92,"Vegetables and Vegetable Products",1,1,2,2
"banana",89,0.25,0.1,12,0,1,1.09,"Fruits and Fruit Juices",1,1,2,1
"beef_jerky",410,26,11,9,5.2,2081,33.2,"Snacks",3,3,2,3
"beef_shortribs",397,31,13,10,0.89,357,15.98,"Beef Products",3,3,2,2
"beef_sirloin",135,4.6,1.7,0,0.14,57,21.91,"Beef Products",2,2,1,1
"beer",43,0,0,0,0.005,4,0.46,"Beverages",1,1,1,1
"beets",43,0.25,0.05,6.8,0.2,78,1.61,"Vegetables and Vegetable Products",1,1,2,1
"biscotti",366,7.8,1.2,29,0.66,264,7.39,"Baked Products",2,1,3,2
"blueberries",57,0.25,0.05,10,0,1,0.74,"Fruits and Fruit Juices",1,1,2,1
"bran_flakes",327,2.5,0.4,19,1.8,718,10.2,"Breakfast Cereals",1,1,2,3
"brandy",231,0,0,0,0,1,0,"Beverages",1,1,1,1
"broccoli",34,0.25,0.05,1.7,0.08,33,2.82,"Vegetables and Vegetable Products",1,1,1,1
"brown_sugar",380,0,0,97,0.07,28,0.12,"Sweets",1,1,3,1
"brussels_sprouts",43,0.25,0.05,2.2,0.06,25,3.38,"Vegetables and Vegetable Products",1,1,1,1
"caesar_salad",170,14,2.7,1.3,0.65,259,5.03,"Meals, Entrees, and Side Dishes",2,2,1,2
"cantaloupe",34,0.25,0.05,7.9,0.04,16,0.84,"Fruits and Fruit Juices",1,1,2,1
"cappuccino",32,1.7,0.9,2.6,0.06,23,1.66,"Beverages",1,1,1,1
"carrot_cake",428,26,8.6,34,0.6,240,4.06,"Baked Products",3,3,3,2
"carrots",41,0.25,0.05,4.7,0.17,69,0.93,"Vegetables and Vegetable Products",1,1,1,1
"cashew_nuts",574,46,9.2,5,1.6,640,15.31,"Nut and Seed Products",3,3,2,3
"cauliflower",25,0.25,0.05,1.9,0.08,30,1.92,"Vegetables and Vegetable Products",1,1,1,1
"celery",16,0.25,0.05,1.8,0.2,80,0.69,"Vegetables and Vegetable Products",1,1,1,1
"cereal",372,4,1.1,22,1.3,537,8.38,"Breakfast Cereals",2,1,2,2
"cheddar_cheese",403,33,21,0.5,1.6,621,24.9,"Dairy and Egg Products",3,3,1,3
"cheeseburger",308,15,6.5,4.9,1.3,515,16.51,"Meals, Entrees, and Side Dishes",2,3,1,2
"cheesecake",321,23,9.9,22,1.1,438,5.5,"Baked Products",3,3,2,2
"cherries",63,0.25,0.05,13,0,0,1.06,"Fruits and Fruit Juices",1,1,2,1
"chewing_gum",296,0.25,0.05,20,0.005,5,0,"Sweets",1,1,2,1
"chicken_breast",160,3.8,0.8,0,1.2,493,30.12,"Poultry Products",2,1,1,2
"chicken_burrito",240,11,5.6,2,1.2,492,17.66,"Meals, Entrees, and Side Dishes",2,3,1,2
"chicken_curry",80,3.5,0.5,1.5,0.23,92,5.89,"Meals, Entrees, and Side Dishes",2,1,1,1
"chicken_enchilada",146,6.3,3.5,2.2,1,406,10.96,"Meals, Entrees, and Side Dishes",2,2,1,2
"chicken_noodle_soup",39,1.2,0.6,0.25,0.77,306,3.09,"Soups, Sauces, and Gravies",1,1,1,2
"chicken_nuggets",292,18,3.5,0.9,1.5,613,13.89,"Meals, Entrees, and Side Dishes",3,2,1,3
"chicken_thighs",296,20,5.3,0.25,1.1,441,20.63,"Poultry Products",3,3,1,2
"chicken_wings",252,17,4.9,0,1.1,420,23.59,"Poultry Products",2,2,1,2
"chickpeas",378,6,0.6,11,0.06,24,20.47,"Legumes and Legume Products",2,1,2,1
"chorizo",455,38,14,0,3.1,1235,24.1,"Sausages and Luncheon Meats",3,3,1,3
"churros",444,28,8,25,0.37,147,2.79,"Baked Products",3,3,3,2
"cinnamon_bun",436,24,12,25,0.76,305,4.72,"Baked Products",3,3,3,2
"clam_chowder",61,2,1.1,2.8,0.7,278,3.22,"Soups, Sauces, and Gravies",1,1,1,2
"coconut_milk",230,24,21,3.3,0.04,15,2.29,"Nut and Seed Products",3,3,1,1
"cola",37,0.25,0,9,0.005,4,0.07,"Beverages",1,1,2,1
"corn",86,1.4,0.3,6.3,0.04,15,3.27,"Vegetables and Vegetable Products",1,1,2,1
"crab_cake",236,14,4.6,0.9,1.3,528,18.08,"Finfish and Shellfish Products",2,2,1,2
"cranberries",46,0.25,0.05,4,0.005,2,0.39,"Fruits and Fruit Juices",1,1,1,1
"cream_cheese",342,34,19,3.2,0.91,365,5.93,"Dairy and Egg Products",3,3,1,2
"crepe",222,11,3.4,4.7,0.72,287,8.75,"Baked Products",2,2,1,2
"croissant",406,21,12,11,1.2,467,8.2,"Baked Products",3,3,2,2
"cucumber",12,0.25,0.05,1.4,0.005,2,0.59,"Vegetables and Vegetable Products",1,1,1,1
"dark_chocolate",528,33,20,49,0.05,20,4.5,"Sweets",3,3,3,1
"donut",418,24,7.1,16,1.1,450,5.87,"Baked Products",3,3,2,2
"duck",404,39,13,0,0.16,63,11.49,"Poultry Products",3,3,1,1
"dumpling",113,4.6,1.4,2.3,0.92,368,6.9,"Meals, Entrees, and Side Dishes",2,1,1,2
"egg_omelet",227,18,5.8,1.5,1.2,491,13.25,"Dairy and Egg Products",3,3,1,2
"eggnog",88,4.2,2.6,8.1,0.14,54,4.55,"Dairy and Egg Products",2,2,2,1
"english_muffin",227,1.7,0.7,3.5,1.1,425,8.87,"Baked Products",1,1,1,2
"espresso",9,0.25,0.05,0,0.04,14,0.12,"Beverages",1,1,1,1
"fajita",163,6.7,2.3,2.9,0.88,350,10.33,"Meals, Entrees, and Side Dishes",2,2,1,2
"fig",74,0.25,0.05,16,0.005,1,0.75,"Fruits and Fruit Juices",1,1,2,1
"flax_seeds",534,42,3.7,1.6,0.08,30,18.29,"Nut and Seed Products",3,2,1,1
"flaxseed_oil",884,100,9,0,0,0,0.11,"Fats and Oils",3,3,1,1
"french_fries",164,5.2,1,0.25,0.97,388,2.66,"Vegetables and Vegetable Products",2,1,1,2
"french_onion_soup",157,6.6,3.1,2.2,1.1,442,7.43,"Soups, Sauces, and Gravies",2,2,1,2
"french_toast",244,9,2.6,7.7,1,402,9.37,"Baked Products",2,2,2,2
"frozen_yogurt",112,1.3,0.9,21,0.15,60,4.46,"Sweets",1,1,2,1
"granola_bar",471,20,2.4,29,0.74,294,10.1,"Snacks",3,2,3,2
"grapes",69,0.25,0.05,15,0.005,2,0.72,"Fruits and Fruit Juices",1,1,2,1
"guacamole",157,14,2.1,0.7,0.37,148,1.96,"Soups, Sauces, and Gravies",2,2,1,2
"hamburger",297,12,4.5,4.9,0.83,331,16.52,"Meals, Entrees, and Side Dishes",2,2,1,2
"hazelnuts",628,61,4.5,4.3,0,0,14.95,"Nut and Seed Products",3,2,1,1
"honey",304,0,0,82,0.005,4,0.3,"Sweets",1,1,3,1
"honeydew_melon",36,0.25,0.05,8.1,0.05,18,0.54,"Fruits and Fruit Juices",1,1,2,1
"hummus",177,8.6,1.1,0.25,0.61,242,4.86,"Legumes and Legume Products",2,1,1,2
"ice_cream",207,11,6.8,21,0.2,80,3.5,"Sweets",2,3,2,1
"jam",278,0.25,0.05,49,0.08,32,0.37,"Sweets",1,1,3,1
"kale",49,0.9,0.05,0,0.1,38,4.28,"Vegetables and Vegetable Products",1,1,1,1
"kiwi_fruit",61,0.5,0.05,9,0.005,3,1.14,"Fruits and Fruit Juices",1,1,2,1
"lard",902,100,39,0,0,0,0,"Fats and Oils",3,3,1,1
"lasagna",142,5.2,2.4,3.5,1,398,7.44,"Meals, Entrees, and Side Dishes",2,2,1,2
"lemon_meringue_pie",268,8.7,1.8,24,0.43,172,1.5,"Baked Products",2,2,3,2
"lemonade",196,0.7,0.05,44,0.02,7,0.22,"Beverages",1,1,3,1
"lettuce",14,0.25,0.05,2,0.03,10,0.9,"Vegetables and Vegetable Products",1,1,1,1
"lime",30,0.25,0.05,1.7,0.005,2,0.7,"Fruits and Fruit Juices",1,1,1,1
"macaroni_cheese",157,0.9,0.2,0.6,0.58,232,5.76,"Meals, Entrees, and Side Dishes",1,1,1,2
"macaroon",404,13,11,71,0.62,247,3.6,"Baked Products",2,3,3,2
"mango",60,0.25,0.05,14,0,1,0.82,"Fruits and Fruit Juices",1,1,2,1
"margarita",217,0.25,0.05,13,0.96,382,0.06,"Beverages",1,1,2,2
"marshmallow",318,0.25,0.05,58,0.2,80,1.8,"Sweets",1,1,3,1
"mashed_potatoes",357,1.1,0.5,3.4,0.21,82,10.9,"Vegetables and Vegetable Products",1,1,1,1
"mayonnaise",680,75,12,0.6,1.6,635,0.96,"Fats and Oils",3,3,1,3
"milkshake",136,4.9,3,17,0.17,69,3.17,"Beverages",2,2,2,1
"mocha",68,1.9,1.1,8.6,0.1,40,2.48,"Beverages",1,1,2,1
"mousse",208,16,9.7,15,0.11,43,1.46,"Sweets",2,3,2,1
"mozzarella_cheese",302,20,11,0.6,1.6,652,25.96,"Dairy and Egg Products",3,3,1,3
"multigrain_bagel",250,1.5,0,6.1,1.1,439,10.2,"Baked Products",1,1,2,2
"mussels",86,2.2,0.4,0,0.72,286,11.9,"Finfish and Shellfish Products",1,1,1,2
"naan",311,7.3,3.2,3.7,1.3,508,11.09,"Baked Products",2,2,1,2
"oatmeal",61,1.1,0.2,0.25,0.3,121,2.13,"Breakfast Cereals",1,1,1,2
"oatmeal_raisin_cookie",450,18,4.5,25,0.96,383,6.2,"Baked Products",3,2,3,2
"okra",33,0.25,0.05,1.5,0.02,7,1.93,"Vegetables and Vegetable Products",1,1,1,1
"olives",124,12,1.6,0.25,2.5,981,0.9,"Fruits and Fruit Juices",2,2,1,3
"onion_rings",411,25,4.2,5.4,1.9,776,3.86,"Meals, Entrees, and Side Dishes",3,2,2,3
"orange",47,0.25,0.05,9.4,0,0,0.94,"Fruits and Fruit Juices",1,1,2,1
"oysters",51,1.7,0.5,0.6,0.21,85,5.71,"Finfish and Shellfish Products",1,1,1,1
"pad_thai",164,9.1,1.4,4.8,0.87,346,5.55,"Meals, Entrees, and Side Dishes",2,1,1,2
"pancakes",233,6.8,1.2,8.3,1.2,461,5.23,"Baked Products",2,1,2,2
"peach",39,0.25,0.05,8.4,0,0,0.91,"Fruits and Fruit Juices",1,1,2,1
"peanut_butter",588,50,11,9.2,1.1,459,25.09,"Legumes and Legume Products",3,3,2,2
"peanut_butter_cookie",477,24,4.5,32,1.3,506,9.6,"Baked Products",3,2,3,2
"pear",57,0.25,0.05,9.8,0,1,0.36,"Fruits and Fruit Juices",1,1,2,1
"pecan_pie",407,17,2.7,25,0.69,275,4.5,"Baked Products",2,2,3,2
"pepperoni",494,44,15,0,4.4,1761,22.68,"Sausages and Luncheon Meats",3,3,1,3
"pepperoni_pizza",282,12,5.1,3.3,1.7,685,11.74,"Meals, Entrees, and Side Dishes",2,3,1,3
"pineapple",50,0.25,0.05,9.9,0,1,0.54,"Fruits and Fruit Juices",1,1,2,1
"pita_bread",275,1.2,0.2,1.3,1.3,536,9.1,"Baked Products",1,1,1,2
"plain_yogurt",63,1.6,1,7,0.18,70,5.25,"Dairy and Egg Products",1,1,2,1
"pomegranate",83,1.2,0.1,14,0.005,3,1.67,"Fruits and Fruit Juices",1,1,2,1
"popcorn",526,33,6.4,0.8,2.2,889,9.3,"Snacks",3,3,1,3
"pork_chop",280,21,7.7,0,2.7,1072,20.43,"Pork Products",3,3,1,3
"pork_loin",192,7.3,2.5,0,0.17,66,29.62,"Pork Products",2,2,1,1
"pork_spareribs",394,30,11,0,1,415,28.82,"Pork Products",3,3,1,2
"potato_gnocchi",133,6.2,3.9,1,0.72,289,2.36,"Cereal Grains and Pasta",2,2,1,2
"quiche",385,30,15,2.2,1.4,553,15.53,"Meals, Entrees, and Side Dishes",3,3,1,2
"quinoa",368,6.1,0.7,0,0.005,5,14.12,"Cereal Grains and Pasta",2,1,1,1
"raisins",299,0.25,0.05,59,0.03,11,3.07,"Fruits and Fruit Juices",1,1,3,1
"ramen_noodle_soup",440,18,8.1,2,4.6,1855,10.17,"Soups, Sauces, and Gravies",3,3,1,3
"ravioli",186,7,3.1,0.25,0.71,283,10.83,"Meals, Entrees, and Side Dishes",2,2,1,2
"rice_pudding",108,2.2,1.2,12,0.24,97,3.23,"Sweets",1,1,2,1
"roasted_almonds",607,55,4.2,4.6,0.85,339,21.23,"Nut and Seed Products",3,2,1,2
"roasted_lamb",265,18,7.6,0,0.97,388,23.83,"Lamb, Veal, and Game Products",3,3,1,2
"roasted_peanuts",599,53,8.7,4.2,0.8,320,28.03,"Nut and Seed Products",3,3,1,2
"roasted_turkey",189,7.4,2.2,0,0.26,103,28.55,"Poultry Products",2,2,1,1
"scone",354,15,4.7,4,1.7,671,9.1,"Baked Products",2,2,1,3
"scrambled_eggs",180,14,3.6,1.6,0.92,367,11.16,"Dairy and Egg Products",2,2,1,2
"seaweed",43,0.25,0.1,0.6,2.7,1075,4.15,"Vegetables and Vegetable Products",1,1,1,3
"shortbread_cookie",502,24,6.1,15,1.3,524,6.1,"Baked Products",3,3,2,2
"smoked_ham",149,6.7,2.3,1,3.4,1348,20.09,"Sausages and Luncheon Meats",2,2,1,3
"smoked_salmon",117,4.3,0.9,0,1.7,672,18.28,"Finfish and Shellfish Products",2,1,1,3
"smores",463,18,9.9,46,0.52,208,6.43,"Sweets",3,3,3,2
"soft_pretzels",338,3.1,0.7,0.25,1.4,545,8.2,"Snacks",2,1,1,2
"sorbet",95,0,0,20,0.02,8,0.5,"Sweets",1,1,2,1
"sour_cream",193,20,12,2.9,0.12,47,2.07,"Dairy and Egg Products",3,3,1,1
"soy_milk",44,1.5,0.2,3.7,0.12,47,2.63,"Legumes and Legume Products",1,1,1,1
"spaghetti",157,0.9,0.2,0.6,0.58,232,5.76,"Cereal Grains and Pasta",1,1,1,2
"sponge_cake",362,8.2,1.7,50,1.2,498,3.69,"Baked Products",2,2,3,2
"strawberries",32,0.25,0.05,4.9,0,1,0.67,"Fruits and Fruit Juices",1,1,1,1
"sushi",96,0.9,0.2,1.4,0.93,372,4.73,"Meals, Entrees, and Side Dishes",1,1,1,2
"tea",1,0,0.05,0,0.005,3,0.01,"Beverages",1,1,1,1
"tiramisu",283,18,10,18,0.24,97,4.44,"Baked Products",3,3,2,1
"tomatoes",18,0.25,0.05,2.6,0.005,5,0.88,"Vegetables and Vegetable Products",1,1,1,1
"trout",148,6.6,1.1,0,0.13,52,20.77,"Finfish and Shellfish Products",2,1,1,1
"vegetable_broth",7,0.25,0,0.25,0.78,310,0.87,"Soups, Sauces, and Gravies",1,1,1,2
"waffle",291,10,3.6,13,1.3,529,5.8,"Baked Products",2,2,2,2
"walnuts",654,65,6.1,2.6,0.005,2,15.23,"Nut and Seed Products",3,3,1,1
"wasabi_peas",382,13,5.3,11,0.8,321,8.59,"Snacks",2,3,2,2
"watermelon",30,0.25,0.05,6.2,0,1,0.61,"Fruits and Fruit Juices",1,1,2,1
"whipped_cream",348,35,22,8.4,0.09,36,1.93,"Dairy and Egg Products",3,3,2,1
