"ID","food_name","rating"
1,"roasted_almonds",86
2,"roasted_almonds",76
3,"roasted_almonds",40
4,"roasted_almonds",-5
5,"roasted_almonds",39
6,"roasted_almonds",50
7,"roasted_almonds",82
8,"roasted_almonds",83
9,"roasted_almonds",36
10,"roasted_almonds",100
11,"roasted_almonds",-30
12,"roasted_almonds",41
13,"roasted_almonds",90
14,"roasted_almonds",19
15,"roasted_almonds",25
16,"roasted_almonds",80
17,"roasted_almonds",70
18,"roasted_almonds",33
19,"roasted_almonds",47
1,"aloe_vera_juice",0
2,"aloe_vera_juice",0
3,"aloe_vera_juice",0
4,"aloe_vera_juice",0
5,"aloe_vera_juice",17
6,"aloe_vera_juice",10
7,"aloe_vera_juice",-1
8,"aloe_vera_juice",-1
9,"aloe_vera_juice",-82
10,"aloe_vera_juice",100
11,"aloe_vera_juice",-10
12,"aloe_vera_juice",19
13,"aloe_vera_juice",-1
14,"aloe_vera_juice",20
15,"aloe_vera_juice",6
16,"aloe_vera_juice",30
17,"aloe_vera_juice",0
18,"aloe_vera_juice",0
19,"aloe_vera_juice",NA
1,"anchovy",-18
2,"anchovy",77
3,"anchovy",0
4,"anchovy",0
5,"anchovy",22
6,"anchovy",21
7,"anchovy",-4
8,"anchovy",1
9,"anchovy",44
10,"anchovy",1
11,"anchovy",60
12,"anchovy",22
13,"anchovy",68
14,"anchovy",20
15,"anchovy",38
16,"anchovy",-10
17,"anchovy",84
18,"anchovy",-32
19,"anchovy",38
1,"apple_cider",-22
2,"apple_cider",-50
3,"apple_cider",-30
4,"apple_cider",-35
5,"apple_cider",-37
6,"apple_cider",-37
7,"apple_cider",-50
8,"apple_cider",-19
9,"apple_cider",-81
10,"apple_cider",-100
11,"apple_cider",-80
12,"apple_cider",-29
13,"apple_cider",-34
14,"apple_cider",-30
15,"apple_cider",-28
16,"apple_cider",-80
17,"apple_cider",-39
18,"apple_cider",-4
19,"apple_cider",-51
1,"apple",100
2,"apple",72
3,"apple",100
4,"apple",81
5,"apple",75
6,"apple",100
7,"apple",100
8,"apple",81
9,"apple",100
10,"apple",100
11,"apple",90
12,"apple",100
13,"apple",85
14,"apple",60
15,"apple",97
16,"apple",100
17,"apple",100
18,"apple",89
19,"apple",63
1,"apricot",100
2,"apricot",26
3,"apricot",100
4,"apricot",3
5,"apricot",72
6,"apricot",100
7,"apricot",100
8,"apricot",86
9,"apricot",100
10,"apricot",100
11,"apricot",90
12,"apricot",88
13,"apricot",94
14,"apricot",60
15,"apricot",100
16,"apricot",100
17,"apricot",100
18,"apricot",62
19,"apricot",34
1,"artichoke",100
2,"artichoke",100
3,"artichoke",100
4,"artichoke",0
5,"artichoke",59
6,"artichoke",100
7,"artichoke",100
8,"artichoke",100
9,"artichoke",100
10,"artichoke",100
11,"artichoke",80
12,"artichoke",100
13,"artichoke",100
14,"artichoke",50
15,"artichoke",100
16,"artichoke",100
17,"artichoke",100
18,"artichoke",80
19,"artichoke",67
1,"asparagus",100
2,"asparagus",100
3,"asparagus",100
4,"asparagus",1
5,"asparagus",78
6,"asparagus",100
7,"asparagus",100
8,"asparagus",100
9,"asparagus",100
10,"asparagus",100
11,"asparagus",90
12,"asparagus",100
13,"asparagus",100
14,"asparagus",60
15,"asparagus",100
16,"asparagus",100
17,"asparagus",100
18,"asparagus",88
19,"asparagus",76
1,"avocado",100
2,"avocado",57
3,"avocado",70
4,"avocado",3
5,"avocado",38
6,"avocado",90
7,"avocado",99
8,"avocado",68
9,"avocado",100
10,"avocado",100
11,"avocado",80
12,"avocado",43
13,"avocado",47
14,"avocado",50
15,"avocado",15
16,"avocado",100
17,"avocado",70
18,"avocado",22
19,"avocado",49
1,"bacon",-69
2,"bacon",-10
3,"bacon",-40
4,"bacon",-29
5,"bacon",11
6,"bacon",20
7,"bacon",-32
8,"bacon",-37
9,"bacon",-29
10,"bacon",85
11,"bacon",20
12,"bacon",11
13,"bacon",-44
14,"bacon",-20
15,"bacon",-82
16,"bacon",-100
17,"bacon",40
18,"bacon",-73
19,"bacon",-20
1,"multigrain_bagel",46
2,"multigrain_bagel",50
3,"multigrain_bagel",20
4,"multigrain_bagel",-17
5,"multigrain_bagel",40
6,"multigrain_bagel",85
7,"multigrain_bagel",12
8,"multigrain_bagel",45
9,"multigrain_bagel",48
10,"multigrain_bagel",-1
11,"multigrain_bagel",30
12,"multigrain_bagel",71
13,"multigrain_bagel",86
14,"multigrain_bagel",40
15,"multigrain_bagel",53
16,"multigrain_bagel",100
17,"multigrain_bagel",60
18,"multigrain_bagel",39
19,"multigrain_bagel",42
1,"baked_beans",35
2,"baked_beans",41
3,"baked_beans",40
4,"baked_beans",75
5,"baked_beans",69
6,"baked_beans",90
7,"baked_beans",30
8,"baked_beans",56
9,"baked_beans",51
10,"baked_beans",100
11,"baked_beans",60
12,"baked_beans",75
13,"baked_beans",56
14,"baked_beans",30
15,"baked_beans",56
16,"baked_beans",80
17,"baked_beans",65
18,"baked_beans",50
19,"baked_beans",49
1,"banana",100
2,"banana",85
3,"banana",100
4,"banana",1
5,"banana",83
6,"banana",100
7,"banana",100
8,"banana",83
9,"banana",100
10,"banana",100
11,"banana",80
12,"banana",98
13,"banana",88
14,"banana",60
15,"banana",100
16,"banana",100
17,"banana",90
18,"banana",89
19,"banana",63
1,"beef_jerky",-45
2,"beef_jerky",-19
3,"beef_jerky",-20
4,"beef_jerky",-38
5,"beef_jerky",15
6,"beef_jerky",66
7,"beef_jerky",-33
8,"beef_jerky",-16
9,"beef_jerky",-22
10,"beef_jerky",100
11,"beef_jerky",-80
12,"beef_jerky",-10
13,"beef_jerky",-1
14,"beef_jerky",10
15,"beef_jerky",-62
16,"beef_jerky",-50
17,"beef_jerky",-66
18,"beef_jerky",-52
19,"beef_jerky",-20
1,"beef_shortribs",-20
2,"beef_shortribs",0
3,"beef_shortribs",-20
4,"beef_shortribs",0
5,"beef_shortribs",34
6,"beef_shortribs",85
7,"beef_shortribs",-4
8,"beef_shortribs",14
9,"beef_shortribs",NA
10,"beef_shortribs",44
11,"beef_shortribs",-40
12,"beef_shortribs",-13
13,"beef_shortribs",-46
14,"beef_shortribs",30
15,"beef_shortribs",-9
16,"beef_shortribs",-70
17,"beef_shortribs",NA
18,"beef_shortribs",-21
19,"beef_shortribs",28
1,"beef_sirloin",-15
2,"beef_sirloin",43
3,"beef_sirloin",50
4,"beef_sirloin",46
5,"beef_sirloin",36
6,"beef_sirloin",82
7,"beef_sirloin",61
8,"beef_sirloin",31
9,"beef_sirloin",44
10,"beef_sirloin",100
11,"beef_sirloin",10
12,"beef_sirloin",24
13,"beef_sirloin",82
14,"beef_sirloin",10
15,"beef_sirloin",20
16,"beef_sirloin",-25
17,"beef_sirloin",27
18,"beef_sirloin",-30
19,"beef_sirloin",24
1,"beer",-56
2,"beer",-50
3,"beer",-30
4,"beer",-86
5,"beer",-25
6,"beer",-27
7,"beer",-50
8,"beer",-30
9,"beer",-54
10,"beer",-100
11,"beer",-80
12,"beer",-30
13,"beer",-16
14,"beer",-30
15,"beer",-7
16,"beer",-75
17,"beer",-35
18,"beer",-81
19,"beer",-44
1,"beets",100
2,"beets",83
3,"beets",100
4,"beets",-1
5,"beets",72
6,"beets",100
7,"beets",100
8,"beets",84
9,"beets",100
10,"beets",100
11,"beets",80
12,"beets",100
13,"beets",100
14,"beets",60
15,"beets",72
16,"beets",100
17,"beets",71
18,"beets",52
19,"beets",59
1,"blueberries",100
2,"blueberries",100
3,"blueberries",100
4,"blueberries",6
5,"blueberries",77
6,"blueberries",100
7,"blueberries",100
8,"blueberries",82
9,"blueberries",100
10,"blueberries",100
11,"blueberries",90
12,"blueberries",72
13,"blueberries",90
14,"blueberries",60
15,"blueberries",100
16,"blueberries",100
17,"blueberries",100
18,"blueberries",83
19,"blueberries",46
1,"bran_flakes",65
2,"bran_flakes",50
3,"bran_flakes",35
4,"bran_flakes",2
5,"bran_flakes",55
6,"bran_flakes",86
7,"bran_flakes",90
8,"bran_flakes",53
9,"bran_flakes",61
10,"bran_flakes",90
11,"bran_flakes",60
12,"bran_flakes",34
13,"bran_flakes",70
14,"bran_flakes",20
15,"bran_flakes",61
16,"bran_flakes",100
17,"bran_flakes",74
18,"bran_flakes",-13
19,"bran_flakes",17
1,"brandy",-32
2,"brandy",-34
3,"brandy",-40
4,"brandy",-45
5,"brandy",-50
6,"brandy",-25
7,"brandy",-50
8,"brandy",-18
9,"brandy",-43
10,"brandy",-100
11,"brandy",-40
12,"brandy",-35
13,"brandy",-100
14,"brandy",-30
15,"brandy",-26
16,"brandy",-100
17,"brandy",-10
18,"brandy",-68
19,"brandy",0
1,"pita_bread",0
2,"pita_bread",30
3,"pita_bread",25
4,"pita_bread",-13
5,"pita_bread",34
6,"pita_bread",90
7,"pita_bread",16
8,"pita_bread",31
9,"pita_bread",40
10,"pita_bread",-100
11,"pita_bread",30
12,"pita_bread",9
13,"pita_bread",95
14,"pita_bread",15
15,"pita_bread",19
16,"pita_bread",50
17,"pita_bread",40
18,"pita_bread",-11
19,"pita_bread",44
1,"broccoli",100
2,"broccoli",100
3,"broccoli",100
4,"broccoli",1
5,"broccoli",55
6,"broccoli",100
7,"broccoli",100
8,"broccoli",100
9,"broccoli",100
10,"broccoli",100
11,"broccoli",95
12,"broccoli",100
13,"broccoli",100
14,"broccoli",50
15,"broccoli",100
16,"broccoli",100
17,"broccoli",100
18,"broccoli",87
19,"broccoli",75
1,"brussels_sprouts",100
2,"brussels_sprouts",100
3,"brussels_sprouts",100
4,"brussels_sprouts",66
5,"brussels_sprouts",60
6,"brussels_sprouts",100
7,"brussels_sprouts",100
8,"brussels_sprouts",100
9,"brussels_sprouts",100
10,"brussels_sprouts",100
11,"brussels_sprouts",90
12,"brussels_sprouts",100
13,"brussels_sprouts",100
14,"brussels_sprouts",60
15,"brussels_sprouts",100
16,"brussels_sprouts",100
17,"brussels_sprouts",77
18,"brussels_sprouts",81
19,"brussels_sprouts",87
1,"chicken_burrito",-11
2,"chicken_burrito",5
3,"chicken_burrito",-20
4,"chicken_burrito",-63
5,"chicken_burrito",34
6,"chicken_burrito",65
7,"chicken_burrito",-11
8,"chicken_burrito",42
9,"chicken_burrito",34
10,"chicken_burrito",43
11,"chicken_burrito",30
12,"chicken_burrito",-44
13,"chicken_burrito",3
14,"chicken_burrito",25
15,"chicken_burrito",16
16,"chicken_burrito",-50
17,"chicken_burrito",41
18,"chicken_burrito",-65
19,"chicken_burrito",35
1,"caesar_salad",-35
2,"caesar_salad",14
3,"caesar_salad",20
4,"caesar_salad",-36
5,"caesar_salad",2
6,"caesar_salad",64
7,"caesar_salad",-19
8,"caesar_salad",37
9,"caesar_salad",56
10,"caesar_salad",21
11,"caesar_salad",60
12,"caesar_salad",8
13,"caesar_salad",-1
14,"caesar_salad",10
15,"caesar_salad",50
16,"caesar_salad",-50
17,"caesar_salad",0
18,"caesar_salad",69
19,"caesar_salad",-53
1,"carrot_cake",-45
2,"carrot_cake",-100
3,"carrot_cake",-40
4,"carrot_cake",-43
5,"carrot_cake",-18
6,"carrot_cake",-70
7,"carrot_cake",-51
8,"carrot_cake",-14
9,"carrot_cake",38
10,"carrot_cake",-100
11,"carrot_cake",-70
12,"carrot_cake",-15
13,"carrot_cake",-98
14,"carrot_cake",5
15,"carrot_cake",-13
16,"carrot_cake",-50
17,"carrot_cake",30
18,"carrot_cake",-43
19,"carrot_cake",-78
1,"sponge_cake",-56
2,"sponge_cake",-50
3,"sponge_cake",-30
4,"sponge_cake",-50
5,"sponge_cake",-10
6,"sponge_cake",-76
7,"sponge_cake",-50
8,"sponge_cake",-26
9,"sponge_cake",-38
10,"sponge_cake",-100
11,"sponge_cake",-70
12,"sponge_cake",-13
13,"sponge_cake",-84
14,"sponge_cake",-10
15,"sponge_cake",-48
16,"sponge_cake",-70
17,"sponge_cake",15
18,"sponge_cake",-47
19,"sponge_cake",-67
1,"cantaloupe",100
2,"cantaloupe",64
3,"cantaloupe",100
4,"cantaloupe",1
5,"cantaloupe",86
6,"cantaloupe",100
7,"cantaloupe",100
8,"cantaloupe",74
9,"cantaloupe",100
10,"cantaloupe",-51
11,"cantaloupe",80
12,"cantaloupe",73
13,"cantaloupe",85
14,"cantaloupe",60
15,"cantaloupe",100
16,"cantaloupe",100
17,"cantaloupe",100
18,"cantaloupe",48
19,"cantaloupe",47
1,"cappuccino",-10
2,"cappuccino",0
3,"cappuccino",-15
4,"cappuccino",-21
5,"cappuccino",-32
6,"cappuccino",-10
7,"cappuccino",-3
8,"cappuccino",-14
9,"cappuccino",-85
10,"cappuccino",64
11,"cappuccino",-30
12,"cappuccino",0
13,"cappuccino",-1
14,"cappuccino",15
15,"cappuccino",10
16,"cappuccino",50
17,"cappuccino",15
18,"cappuccino",-16
19,"cappuccino",0
1,"carrots",100
2,"carrots",100
3,"carrots",100
4,"carrots",3
5,"carrots",81
6,"carrots",100
7,"carrots",100
8,"carrots",100
9,"carrots",100
10,"carrots",100
11,"carrots",95
12,"carrots",100
13,"carrots",100
14,"carrots",60
15,"carrots",95
16,"carrots",100
17,"carrots",100
18,"carrots",73
19,"carrots",79
1,"cashew_nuts",91
2,"cashew_nuts",86
3,"cashew_nuts",40
4,"cashew_nuts",3
5,"cashew_nuts",42
6,"cashew_nuts",95
7,"cashew_nuts",80
8,"cashew_nuts",71
9,"cashew_nuts",55
10,"cashew_nuts",100
11,"cashew_nuts",10
12,"cashew_nuts",6
13,"cashew_nuts",31
14,"cashew_nuts",20
15,"cashew_nuts",-10
16,"cashew_nuts",100
17,"cashew_nuts",70
18,"cashew_nuts",71
19,"cashew_nuts",36
1,"cauliflower",100
2,"cauliflower",98
3,"cauliflower",100
4,"cauliflower",73
5,"cauliflower",82
6,"cauliflower",100
7,"cauliflower",100
8,"cauliflower",100
9,"cauliflower",100
10,"cauliflower",100
11,"cauliflower",95
12,"cauliflower",100
13,"cauliflower",100
14,"cauliflower",60
15,"cauliflower",100
16,"cauliflower",100
17,"cauliflower",100
18,"cauliflower",92
19,"cauliflower",61
1,"celery",100
2,"celery",100
3,"celery",100
4,"celery",-5
5,"celery",46
6,"celery",100
7,"celery",100
8,"celery",100
9,"celery",100
10,"celery",67
11,"celery",95
12,"celery",100
13,"celery",100
14,"celery",55
15,"celery",93
16,"celery",100
17,"celery",100
18,"celery",79
19,"celery",39
1,"cereal",70
2,"cereal",56
3,"cereal",20
4,"cereal",-11
5,"cereal",29
6,"cereal",78
7,"cereal",-1
8,"cereal",51
9,"cereal",44
10,"cereal",-100
11,"cereal",50
12,"cereal",-65
13,"cereal",-1
14,"cereal",0
15,"cereal",10
16,"cereal",25
17,"cereal",70
18,"cereal",-12
19,"cereal",0
1,"cheerios",30
2,"cheerios",35
3,"cheerios",20
4,"cheerios",-29
5,"cheerios",19
6,"cheerios",20
7,"cheerios",-8
8,"cheerios",19
9,"cheerios",47
10,"cheerios",-100
11,"cheerios",50
12,"cheerios",-19
13,"cheerios",-31
14,"cheerios",10
15,"cheerios",51
16,"cheerios",-80
17,"cheerios",41
18,"cheerios",-50
19,"cheerios",-49
1,"cheddar_cheese",-73
2,"cheddar_cheese",0
3,"cheddar_cheese",30
4,"cheddar_cheese",-15
5,"cheddar_cheese",18
6,"cheddar_cheese",-9
7,"cheddar_cheese",22
8,"cheddar_cheese",50
9,"cheddar_cheese",51
10,"cheddar_cheese",100
11,"cheddar_cheese",20
12,"cheddar_cheese",10
13,"cheddar_cheese",-12
14,"cheddar_cheese",10
15,"cheddar_cheese",-56
16,"cheddar_cheese",-25
17,"cheddar_cheese",39
18,"cheddar_cheese",-67
19,"cheddar_cheese",42
1,"cream_cheese",-13
2,"cream_cheese",1
3,"cream_cheese",20
4,"cream_cheese",-51
5,"cream_cheese",15
6,"cream_cheese",58
7,"cream_cheese",-50
8,"cream_cheese",51
9,"cream_cheese",46
10,"cream_cheese",100
11,"cream_cheese",-50
12,"cream_cheese",-10
13,"cream_cheese",-84
14,"cream_cheese",-10
15,"cream_cheese",-19
16,"cream_cheese",40
17,"cream_cheese",39
18,"cream_cheese",-43
19,"cream_cheese",22
1,"mozzarella_cheese",25
2,"mozzarella_cheese",0
3,"mozzarella_cheese",40
4,"mozzarella_cheese",-41
5,"mozzarella_cheese",11
6,"mozzarella_cheese",60
7,"mozzarella_cheese",31
8,"mozzarella_cheese",56
9,"mozzarella_cheese",41
10,"mozzarella_cheese",100
11,"mozzarella_cheese",20
12,"mozzarella_cheese",9
13,"mozzarella_cheese",-1
14,"mozzarella_cheese",0
15,"mozzarella_cheese",-10
16,"mozzarella_cheese",-20
17,"mozzarella_cheese",48
18,"mozzarella_cheese",-55
19,"mozzarella_cheese",27
1,"cheeseburger",-87
2,"cheeseburger",-38
3,"cheeseburger",-70
4,"cheeseburger",-35
5,"cheeseburger",-55
6,"cheeseburger",-81
7,"cheeseburger",-50
8,"cheeseburger",6
9,"cheeseburger",36
10,"cheeseburger",41
11,"cheeseburger",-20
12,"cheeseburger",-73
13,"cheeseburger",-76
14,"cheeseburger",-19
15,"cheeseburger",-80
16,"cheeseburger",-100
17,"cheeseburger",-58
18,"cheeseburger",-71
19,"cheeseburger",-84
1,"cheesecake",-100
2,"cheesecake",-86
3,"cheesecake",-50
4,"cheesecake",-63
5,"cheesecake",-40
6,"cheesecake",-83
7,"cheesecake",-51
8,"cheesecake",-74
9,"cheesecake",-40
10,"cheesecake",-100
11,"cheesecake",-60
12,"cheesecake",-65
13,"cheesecake",-99
14,"cheesecake",-25
15,"cheesecake",-73
16,"cheesecake",-100
17,"cheesecake",-50
18,"cheesecake",-62
19,"cheesecake",-61
1,"cherries",100
2,"cherries",70
3,"cherries",100
4,"cherries",75
5,"cherries",72
6,"cherries",100
7,"cherries",100
8,"cherries",86
9,"cherries",100
10,"cherries",100
11,"cherries",75
12,"cherries",64
13,"cherries",95
14,"cherries",40
15,"cherries",100
16,"cherries",100
17,"cherries",100
18,"cherries",21
19,"cherries",34
1,"chewing_gum",0
2,"chewing_gum",1
3,"chewing_gum",0
4,"chewing_gum",-52
5,"chewing_gum",1
6,"chewing_gum",0
7,"chewing_gum",-51
8,"chewing_gum",-1
9,"chewing_gum",0
10,"chewing_gum",-100
11,"chewing_gum",-20
12,"chewing_gum",0
13,"chewing_gum",0
14,"chewing_gum",-30
15,"chewing_gum",-10
16,"chewing_gum",0
17,"chewing_gum",0
18,"chewing_gum",0
19,"chewing_gum",0
1,"chicken_curry",-23
2,"chicken_curry",33
3,"chicken_curry",0
4,"chicken_curry",0
5,"chicken_curry",36
6,"chicken_curry",12
7,"chicken_curry",8
8,"chicken_curry",11
9,"chicken_curry",55
10,"chicken_curry",40
11,"chicken_curry",30
12,"chicken_curry",0
13,"chicken_curry",-1
14,"chicken_curry",15
15,"chicken_curry",53
16,"chicken_curry",-60
17,"chicken_curry",40
18,"chicken_curry",-29
19,"chicken_curry",21
1,"chicken_enchilada",-36
2,"chicken_enchilada",28
3,"chicken_enchilada",-50
4,"chicken_enchilada",-18
5,"chicken_enchilada",40
6,"chicken_enchilada",65
7,"chicken_enchilada",-23
8,"chicken_enchilada",53
9,"chicken_enchilada",41
10,"chicken_enchilada",54
11,"chicken_enchilada",30
12,"chicken_enchilada",-14
13,"chicken_enchilada",-53
14,"chicken_enchilada",20
15,"chicken_enchilada",8
16,"chicken_enchilada",-50
17,"chicken_enchilada",30
18,"chicken_enchilada",-32
19,"chicken_enchilada",30
1,"chicken_nuggets",-90
2,"chicken_nuggets",-50
3,"chicken_nuggets",-50
4,"chicken_nuggets",-53
5,"chicken_nuggets",13
6,"chicken_nuggets",40
7,"chicken_nuggets",-50
8,"chicken_nuggets",-28
9,"chicken_nuggets",36
10,"chicken_nuggets",41
11,"chicken_nuggets",-40
12,"chicken_nuggets",-55
13,"chicken_nuggets",-85
14,"chicken_nuggets",-30
15,"chicken_nuggets",-63
16,"chicken_nuggets",-100
17,"chicken_nuggets",-77
18,"chicken_nuggets",-71
19,"chicken_nuggets",-31
1,"chicken_noodle_soup",73
2,"chicken_noodle_soup",0
3,"chicken_noodle_soup",60
4,"chicken_noodle_soup",-19
5,"chicken_noodle_soup",42
6,"chicken_noodle_soup",20
7,"chicken_noodle_soup",-24
8,"chicken_noodle_soup",48
9,"chicken_noodle_soup",42
10,"chicken_noodle_soup",14
11,"chicken_noodle_soup",40
12,"chicken_noodle_soup",31
13,"chicken_noodle_soup",-51
14,"chicken_noodle_soup",35
15,"chicken_noodle_soup",10
16,"chicken_noodle_soup",-25
17,"chicken_noodle_soup",40
18,"chicken_noodle_soup",-68
19,"chicken_noodle_soup",71
1,"chicken_breast",54
2,"chicken_breast",60
3,"chicken_breast",45
4,"chicken_breast",-1
5,"chicken_breast",61
6,"chicken_breast",90
7,"chicken_breast",67
8,"chicken_breast",66
9,"chicken_breast",53
10,"chicken_breast",100
11,"chicken_breast",70
12,"chicken_breast",100
13,"chicken_breast",100
14,"chicken_breast",50
15,"chicken_breast",63
16,"chicken_breast",60
17,"chicken_breast",80
18,"chicken_breast",-53
19,"chicken_breast",45
1,"chicken_thighs",-54
2,"chicken_thighs",0
3,"chicken_thighs",40
4,"chicken_thighs",0
5,"chicken_thighs",39
6,"chicken_thighs",95
7,"chicken_thighs",25
8,"chicken_thighs",60
9,"chicken_thighs",55
10,"chicken_thighs",0
11,"chicken_thighs",60
12,"chicken_thighs",-31
13,"chicken_thighs",21
14,"chicken_thighs",16
15,"chicken_thighs",46
16,"chicken_thighs",50
17,"chicken_thighs",40
18,"chicken_thighs",-71
19,"chicken_thighs",50
1,"chicken_wings",-80
2,"chicken_wings",0
3,"chicken_wings",-30
4,"chicken_wings",-1
5,"chicken_wings",44
6,"chicken_wings",65
7,"chicken_wings",-10
8,"chicken_wings",-11
9,"chicken_wings",29
10,"chicken_wings",-1
11,"chicken_wings",20
12,"chicken_wings",-21
13,"chicken_wings",-47
14,"chicken_wings",20
15,"chicken_wings",-8
16,"chicken_wings",25
17,"chicken_wings",70
18,"chicken_wings",-77
19,"chicken_wings",6
1,"chickpeas",100
2,"chickpeas",89
3,"chickpeas",70
4,"chickpeas",82
5,"chickpeas",59
6,"chickpeas",100
7,"chickpeas",100
8,"chickpeas",100
9,"chickpeas",100
10,"chickpeas",100
11,"chickpeas",80
12,"chickpeas",99
13,"chickpeas",98
14,"chickpeas",45
15,"chickpeas",92
16,"chickpeas",100
17,"chickpeas",90
18,"chickpeas",84
19,"chickpeas",52
1,"dark_chocolate",-20
2,"dark_chocolate",-10
3,"dark_chocolate",0
4,"dark_chocolate",-16
5,"dark_chocolate",-10
6,"dark_chocolate",33
7,"dark_chocolate",-3
8,"dark_chocolate",36
9,"dark_chocolate",53
10,"dark_chocolate",90
11,"dark_chocolate",20
12,"dark_chocolate",2
13,"dark_chocolate",-1
14,"dark_chocolate",40
15,"dark_chocolate",-76
16,"dark_chocolate",60
17,"dark_chocolate",44
18,"dark_chocolate",-15
19,"dark_chocolate",-16
1,"chorizo",-85
2,"chorizo",-15
3,"chorizo",-40
4,"chorizo",-43
5,"chorizo",14
6,"chorizo",-50
7,"chorizo",-49
8,"chorizo",-30
9,"chorizo",-31
10,"chorizo",56
11,"chorizo",-30
12,"chorizo",-15
13,"chorizo",-71
14,"chorizo",0
15,"chorizo",-35
16,"chorizo",-70
17,"chorizo",40
18,"chorizo",-93
19,"chorizo",-32
1,"churros",-93
2,"churros",-51
3,"churros",-100
4,"churros",-75
5,"churros",-48
6,"churros",-88
7,"churros",-50
8,"churros",-58
9,"churros",-38
10,"churros",-100
11,"churros",-70
12,"churros",-100
13,"churros",-97
14,"churros",-50
15,"churros",-75
16,"churros",-100
17,"churros",-40
18,"churros",-79
19,"churros",-84
1,"clam_chowder",-11
2,"clam_chowder",0
3,"clam_chowder",35
4,"clam_chowder",-10
5,"clam_chowder",3
6,"clam_chowder",74
7,"clam_chowder",-45
8,"clam_chowder",11
9,"clam_chowder",45
10,"clam_chowder",33
11,"clam_chowder",60
12,"clam_chowder",10
13,"clam_chowder",-67
14,"clam_chowder",0
15,"clam_chowder",16
16,"clam_chowder",-25
17,"clam_chowder",NA
18,"clam_chowder",-45
19,"clam_chowder",31
1,"coconut_milk",45
2,"coconut_milk",-2
3,"coconut_milk",0
4,"coconut_milk",-19
5,"coconut_milk",7
6,"coconut_milk",-35
7,"coconut_milk",-34
8,"coconut_milk",4
9,"coconut_milk",30
10,"coconut_milk",100
11,"coconut_milk",30
12,"coconut_milk",8
13,"coconut_milk",6
14,"coconut_milk",10
15,"coconut_milk",-41
16,"coconut_milk",-20
17,"coconut_milk",-30
18,"coconut_milk",1
19,"coconut_milk",14
1,"espresso",0
2,"espresso",0
3,"espresso",-20
4,"espresso",1
5,"espresso",0
6,"espresso",0
7,"espresso",-1
8,"espresso",-13
9,"espresso",-34
10,"espresso",100
11,"espresso",-30
12,"espresso",0
13,"espresso",-1
14,"espresso",0
15,"espresso",7
16,"espresso",50
17,"espresso",0
18,"espresso",-18
19,"espresso",0
1,"mocha",0
2,"mocha",-36
3,"mocha",-15
4,"mocha",1
5,"mocha",-25
6,"mocha",17
7,"mocha",-5
8,"mocha",-22
9,"mocha",-73
10,"mocha",75
11,"mocha",-70
12,"mocha",0
13,"mocha",-30
14,"mocha",NA
15,"mocha",10
16,"mocha",-50
17,"mocha",-30
18,"mocha",-30
19,"mocha",-76
1,"biscotti",-44
2,"biscotti",-10
3,"biscotti",-5
4,"biscotti",-43
5,"biscotti",-21
6,"biscotti",-70
7,"biscotti",-53
8,"biscotti",-33
9,"biscotti",-24
10,"biscotti",-100
11,"biscotti",-70
12,"biscotti",-20
13,"biscotti",-89
14,"biscotti",-15
15,"biscotti",-32
16,"biscotti",-100
17,"biscotti",-27
18,"biscotti",-47
19,"biscotti",-34
1,"smores",-70
2,"smores",-40
3,"smores",-40
4,"smores",-74
5,"smores",-42
6,"smores",-100
7,"smores",-54
8,"smores",-58
9,"smores",-53
10,"smores",-100
11,"smores",-80
12,"smores",-87
13,"smores",-90
14,"smores",NA
15,"smores",-48
16,"smores",-100
17,"smores",-90
18,"smores",-93
19,"smores",-59
1,"macaroon",-35
2,"macaroon",-30
3,"macaroon",-10
4,"macaroon",-48
5,"macaroon",-9
6,"macaroon",-80
7,"macaroon",-50
8,"macaroon",-22
9,"macaroon",-39
10,"macaroon",-100
11,"macaroon",-60
12,"macaroon",-29
13,"macaroon",-71
14,"macaroon",-10
15,"macaroon",-30
16,"macaroon",-100
17,"macaroon",-31
18,"macaroon",-55
19,"macaroon",-52
1,"oatmeal_raisin_cookie",-41
2,"oatmeal_raisin_cookie",-6
3,"oatmeal_raisin_cookie",15
4,"oatmeal_raisin_cookie",-38
5,"oatmeal_raisin_cookie",-24
6,"oatmeal_raisin_cookie",2
7,"oatmeal_raisin_cookie",-30
8,"oatmeal_raisin_cookie",11
9,"oatmeal_raisin_cookie",-20
10,"oatmeal_raisin_cookie",-100
11,"oatmeal_raisin_cookie",-30
12,"oatmeal_raisin_cookie",-10
13,"oatmeal_raisin_cookie",-61
14,"oatmeal_raisin_cookie",10
15,"oatmeal_raisin_cookie",10
16,"oatmeal_raisin_cookie",-50
17,"oatmeal_raisin_cookie",-20
18,"oatmeal_raisin_cookie",-34
19,"oatmeal_raisin_cookie",-63
1,"peanut_butter_cookie",-73
2,"peanut_butter_cookie",-30
3,"peanut_butter_cookie",-50
4,"peanut_butter_cookie",-44
5,"peanut_butter_cookie",-38
6,"peanut_butter_cookie",-40
7,"peanut_butter_cookie",-50
8,"peanut_butter_cookie",-29
9,"peanut_butter_cookie",-35
10,"peanut_butter_cookie",-100
11,"peanut_butter_cookie",-20
12,"peanut_butter_cookie",-14
13,"peanut_butter_cookie",-80
14,"peanut_butter_cookie",-15
15,"peanut_butter_cookie",-69
16,"peanut_butter_cookie",-100
17,"peanut_butter_cookie",-24
18,"peanut_butter_cookie",-32
19,"peanut_butter_cookie",-78
1,"shortbread_cookie",-90
2,"shortbread_cookie",-30
3,"shortbread_cookie",-25
4,"shortbread_cookie",-52
5,"shortbread_cookie",-36
6,"shortbread_cookie",-60
7,"shortbread_cookie",-49
8,"shortbread_cookie",-52
9,"shortbread_cookie",-36
10,"shortbread_cookie",-100
11,"shortbread_cookie",-60
12,"shortbread_cookie",-37
13,"shortbread_cookie",-100
14,"shortbread_cookie",-20
15,"shortbread_cookie",-72
16,"shortbread_cookie",-100
17,"shortbread_cookie",-52
18,"shortbread_cookie",-50
19,"shortbread_cookie",-47
1,"corn_flakes",61
2,"corn_flakes",35
3,"corn_flakes",30
4,"corn_flakes",-14
5,"corn_flakes",10
6,"corn_flakes",75
7,"corn_flakes",-34
8,"corn_flakes",15
9,"corn_flakes",28
10,"corn_flakes",-100
11,"corn_flakes",50
12,"corn_flakes",-11
13,"corn_flakes",19
14,"corn_flakes",-10
15,"corn_flakes",58
16,"corn_flakes",-75
17,"corn_flakes",64
18,"corn_flakes",-33
19,"corn_flakes",0
1,"corn",0
2,"corn",74
3,"corn",100
4,"corn",-29
5,"corn",57
6,"corn",100
7,"corn",100
8,"corn",100
9,"corn",100
10,"corn",100
11,"corn",50
12,"corn",43
13,"corn",70
14,"corn",30
15,"corn",63
16,"corn",100
17,"corn",89
18,"corn",-25
19,"corn",67
1,"crab_cake",-20
2,"crab_cake",-6
3,"crab_cake",0
4,"crab_cake",62
5,"crab_cake",9
6,"crab_cake",78
7,"crab_cake",-11
8,"crab_cake",38
9,"crab_cake",52
10,"crab_cake",52
11,"crab_cake",20
12,"crab_cake",61
13,"crab_cake",-9
14,"crab_cake",14
15,"crab_cake",16
16,"crab_cake",-25
17,"crab_cake",39
18,"crab_cake",-43
19,"crab_cake",30
1,"cranberries",100
2,"cranberries",61
3,"cranberries",100
4,"cranberries",0
5,"cranberries",63
6,"cranberries",90
7,"cranberries",72
8,"cranberries",72
9,"cranberries",100
10,"cranberries",100
11,"cranberries",80
12,"cranberries",100
13,"cranberries",69
14,"cranberries",59
15,"cranberries",95
16,"cranberries",100
17,"cranberries",100
18,"cranberries",35
19,"cranberries",33
1,"whipped_cream",-100
2,"whipped_cream",-28
3,"whipped_cream",-70
4,"whipped_cream",-58
5,"whipped_cream",-17
6,"whipped_cream",-100
7,"whipped_cream",-50
8,"whipped_cream",-51
9,"whipped_cream",-48
10,"whipped_cream",0
11,"whipped_cream",-80
12,"whipped_cream",-79
13,"whipped_cream",-100
14,"whipped_cream",-20
15,"whipped_cream",-56
16,"whipped_cream",-30
17,"whipped_cream",40
18,"whipped_cream",-92
19,"whipped_cream",-83
1,"crepe",-53
2,"crepe",-13
3,"crepe",-20
4,"crepe",-10
5,"crepe",24
6,"crepe",-23
7,"crepe",-50
8,"crepe",10
9,"crepe",-33
10,"crepe",-100
11,"crepe",-60
12,"crepe",-6
13,"crepe",-19
14,"crepe",-10
15,"crepe",-49
16,"crepe",-50
17,"crepe",39
18,"crepe",-75
19,"crepe",0
1,"croissant",-100
2,"croissant",-63
3,"croissant",-50
4,"croissant",-44
5,"croissant",-33
6,"croissant",-30
7,"croissant",-50
8,"croissant",-45
9,"croissant",-53
10,"croissant",-100
11,"croissant",-80
12,"croissant",-10
13,"croissant",-90
14,"croissant",-15
15,"croissant",-70
16,"croissant",-100
17,"croissant",-37
18,"croissant",-95
19,"croissant",-78
1,"cucumber",100
2,"cucumber",100
3,"cucumber",100
4,"cucumber",1
5,"cucumber",82
6,"cucumber",100
7,"cucumber",100
8,"cucumber",100
9,"cucumber",100
10,"cucumber",80
11,"cucumber",95
12,"cucumber",100
13,"cucumber",100
14,"cucumber",50
15,"cucumber",100
16,"cucumber",100
17,"cucumber",100
18,"cucumber",89
19,"cucumber",44
1,"donut",-100
2,"donut",-50
3,"donut",-60
4,"donut",-75
5,"donut",-53
6,"donut",-95
7,"donut",-53
8,"donut",-45
9,"donut",-28
10,"donut",-100
11,"donut",-80
12,"donut",-94
13,"donut",-100
14,"donut",-40
15,"donut",-56
16,"donut",-100
17,"donut",-40
18,"donut",-74
19,"donut",-93
1,"duck",-69
2,"duck",-10
3,"duck",35
4,"duck",-15
5,"duck",24
6,"duck",45
7,"duck",31
8,"duck",8
9,"duck",55
10,"duck",100
11,"duck",10
12,"duck",14
13,"duck",-18
14,"duck",-9
15,"duck",52
16,"duck",-30
17,"duck",59
18,"duck",33
19,"duck",27
1,"dumpling",-36
2,"dumpling",-41
3,"dumpling",20
4,"dumpling",-23
5,"dumpling",-6
6,"dumpling",-70
7,"dumpling",-22
8,"dumpling",6
9,"dumpling",-41
10,"dumpling",-100
11,"dumpling",10
12,"dumpling",-23
13,"dumpling",-85
14,"dumpling",-15
15,"dumpling",-70
16,"dumpling",-50
17,"dumpling",-46
18,"dumpling",-66
19,"dumpling",29
1,"scrambled_eggs",88
2,"scrambled_eggs",28
3,"scrambled_eggs",50
4,"scrambled_eggs",81
5,"scrambled_eggs",43
6,"scrambled_eggs",82
7,"scrambled_eggs",90
8,"scrambled_eggs",50
9,"scrambled_eggs",49
10,"scrambled_eggs",100
11,"scrambled_eggs",80
12,"scrambled_eggs",39
13,"scrambled_eggs",50
14,"scrambled_eggs",50
15,"scrambled_eggs",63
16,"scrambled_eggs",100
17,"scrambled_eggs",71
18,"scrambled_eggs",19
19,"scrambled_eggs",29
1,"egg_omelet",48
2,"egg_omelet",39
3,"egg_omelet",40
4,"egg_omelet",1
5,"egg_omelet",36
6,"egg_omelet",90
7,"egg_omelet",73
8,"egg_omelet",60
9,"egg_omelet",61
10,"egg_omelet",100
11,"egg_omelet",70
12,"egg_omelet",61
13,"egg_omelet",70
14,"egg_omelet",30
15,"egg_omelet",37
16,"egg_omelet",20
17,"egg_omelet",50
18,"egg_omelet",45
19,"egg_omelet",53
1,"eggnog",-42
2,"eggnog",0
3,"eggnog",-100
4,"eggnog",-44
5,"eggnog",-22
6,"eggnog",-90
7,"eggnog",-1
8,"eggnog",-39
9,"eggnog",-64
10,"eggnog",-100
11,"eggnog",-10
12,"eggnog",-31
13,"eggnog",-90
14,"eggnog",-19
15,"eggnog",4
16,"eggnog",-50
17,"eggnog",-40
18,"eggnog",-74
19,"eggnog",NA
1,"fajita",-10
2,"fajita",0
3,"fajita",-15
4,"fajita",0
5,"fajita",24
6,"fajita",88
7,"fajita",-1
8,"fajita",76
9,"fajita",39
10,"fajita",52
11,"fajita",30
12,"fajita",17
13,"fajita",-63
14,"fajita",15
15,"fajita",18
16,"fajita",-60
17,"fajita",60
18,"fajita",-66
19,"fajita",44
1,"fig",100
2,"fig",100
3,"fig",100
4,"fig",3
5,"fig",52
6,"fig",100
7,"fig",93
8,"fig",63
9,"fig",100
10,"fig",-29
11,"fig",80
12,"fig",25
13,"fig",87
14,"fig",60
15,"fig",100
16,"fig",100
17,"fig",70
18,"fig",65
19,"fig",23
1,"hazelnuts",75
2,"hazelnuts",81
3,"hazelnuts",30
4,"hazelnuts",2
5,"hazelnuts",23
6,"hazelnuts",100
7,"hazelnuts",90
8,"hazelnuts",92
9,"hazelnuts",94
10,"hazelnuts",100
11,"hazelnuts",50
12,"hazelnuts",32
13,"hazelnuts",80
14,"hazelnuts",30
15,"hazelnuts",14
16,"hazelnuts",100
17,"hazelnuts",65
18,"hazelnuts",36
19,"hazelnuts",31
1,"trout",77
2,"trout",70
3,"trout",50
4,"trout",3
5,"trout",53
6,"trout",100
7,"trout",68
8,"trout",75
9,"trout",94
10,"trout",100
11,"trout",40
12,"trout",43
13,"trout",81
14,"trout",60
15,"trout",89
16,"trout",100
17,"trout",76
18,"trout",70
19,"trout",70
1,"flax_seeds",100
2,"flax_seeds",32
3,"flax_seeds",50
4,"flax_seeds",0
5,"flax_seeds",38
6,"flax_seeds",78
7,"flax_seeds",69
8,"flax_seeds",83
9,"flax_seeds",47
10,"flax_seeds",55
11,"flax_seeds",70
12,"flax_seeds",63
13,"flax_seeds",96
14,"flax_seeds",61
15,"flax_seeds",100
16,"flax_seeds",100
17,"flax_seeds",100
18,"flax_seeds",50
19,"flax_seeds",40
1,"flaxseed_oil",81
2,"flaxseed_oil",50
3,"flaxseed_oil",0
4,"flaxseed_oil",-4
5,"flaxseed_oil",19
6,"flaxseed_oil",80
7,"flaxseed_oil",37
8,"flaxseed_oil",4
9,"flaxseed_oil",47
10,"flaxseed_oil",100
11,"flaxseed_oil",30
12,"flaxseed_oil",30
13,"flaxseed_oil",16
14,"flaxseed_oil",60
15,"flaxseed_oil",65
16,"flaxseed_oil",100
17,"flaxseed_oil",77
18,"flaxseed_oil",-12
19,"flaxseed_oil",22
1,"french_toast",-72
2,"french_toast",-52
3,"french_toast",-20
4,"french_toast",-21
5,"french_toast",-15
6,"french_toast",30
7,"french_toast",-52
8,"french_toast",-52
9,"french_toast",49
10,"french_toast",-100
11,"french_toast",-20
12,"french_toast",-30
13,"french_toast",-49
14,"french_toast",10
15,"french_toast",14
16,"french_toast",-100
17,"french_toast",-90
18,"french_toast",-95
19,"french_toast",-50
1,"potato_gnocchi",22
2,"potato_gnocchi",11
3,"potato_gnocchi",0
4,"potato_gnocchi",-9
5,"potato_gnocchi",19
6,"potato_gnocchi",81
7,"potato_gnocchi",4
8,"potato_gnocchi",43
9,"potato_gnocchi",35
10,"potato_gnocchi",-100
11,"potato_gnocchi",40
12,"potato_gnocchi",23
13,"potato_gnocchi",-1
14,"potato_gnocchi",0
15,"potato_gnocchi",31
16,"potato_gnocchi",-20
17,"potato_gnocchi",NA
18,"potato_gnocchi",-9
19,"potato_gnocchi",22
1,"granola_bar",-6
2,"granola_bar",0
3,"granola_bar",15
4,"granola_bar",26
5,"granola_bar",-1
6,"granola_bar",51
7,"granola_bar",-25
8,"granola_bar",19
9,"granola_bar",-18
10,"granola_bar",0
11,"granola_bar",20
12,"granola_bar",0
13,"granola_bar",-26
14,"granola_bar",40
15,"granola_bar",7
16,"granola_bar",-10
17,"granola_bar",30
18,"granola_bar",-28
19,"granola_bar",-17
1,"grapes",100
2,"grapes",50
3,"grapes",100
4,"grapes",0
5,"grapes",66
6,"grapes",100
7,"grapes",100
8,"grapes",83
9,"grapes",100
10,"grapes",-100
11,"grapes",80
12,"grapes",81
13,"grapes",76
14,"grapes",50
15,"grapes",100
16,"grapes",100
17,"grapes",91
18,"grapes",NA
19,"grapes",58
1,"guacamole",21
2,"guacamole",26
3,"guacamole",26
4,"guacamole",52
5,"guacamole",36
6,"guacamole",60
7,"guacamole",33
8,"guacamole",70
9,"guacamole",58
10,"guacamole",58
11,"guacamole",30
12,"guacamole",50
13,"guacamole",-1
14,"guacamole",50
15,"guacamole",35
16,"guacamole",-10
17,"guacamole",61
18,"guacamole",-24
19,"guacamole",28
1,"smoked_ham",-33
2,"smoked_ham",0
3,"smoked_ham",-10
4,"smoked_ham",-44
5,"smoked_ham",19
6,"smoked_ham",-30
7,"smoked_ham",-44
8,"smoked_ham",-20
9,"smoked_ham",-26
10,"smoked_ham",-31
11,"smoked_ham",-40
12,"smoked_ham",-20
13,"smoked_ham",-1
14,"smoked_ham",-10
15,"smoked_ham",-75
16,"smoked_ham",-60
17,"smoked_ham",40
18,"smoked_ham",-68
19,"smoked_ham",22
1,"hamburger",-50
2,"hamburger",-16
3,"hamburger",-50
4,"hamburger",-29
5,"hamburger",-17
6,"hamburger",10
7,"hamburger",-50
8,"hamburger",17
9,"hamburger",34
10,"hamburger",41
11,"hamburger",-50
12,"hamburger",-94
13,"hamburger",-13
14,"hamburger",0
15,"hamburger",-79
16,"hamburger",-100
17,"hamburger",-80
18,"hamburger",-83
19,"hamburger",-52
1,"honey",-70
2,"honey",0
3,"honey",-10
4,"honey",3
5,"honey",-12
6,"honey",-22
7,"honey",-30
8,"honey",3
9,"honey",-32
10,"honey",-100
11,"honey",20
12,"honey",20
13,"honey",-100
14,"honey",5
15,"honey",6
16,"honey",-80
17,"honey",38
18,"honey",-15
19,"honey",-41
1,"honeydew_melon",100
2,"honeydew_melon",50
3,"honeydew_melon",100
4,"honeydew_melon",0
5,"honeydew_melon",63
6,"honeydew_melon",100
7,"honeydew_melon",100
8,"honeydew_melon",88
9,"honeydew_melon",100
10,"honeydew_melon",-65
11,"honeydew_melon",90
12,"honeydew_melon",64
13,"honeydew_melon",92
14,"honeydew_melon",60
15,"honeydew_melon",100
16,"honeydew_melon",100
17,"honeydew_melon",100
18,"honeydew_melon",74
19,"honeydew_melon",46
1,"hummus",29
2,"hummus",98
3,"hummus",30
4,"hummus",5
5,"hummus",37
6,"hummus",86
7,"hummus",64
8,"hummus",67
9,"hummus",55
10,"hummus",100
11,"hummus",40
12,"hummus",46
13,"hummus",41
14,"hummus",26
15,"hummus",12
16,"hummus",50
17,"hummus",40
18,"hummus",37
19,"hummus",26
1,"ice_cream",-94
2,"ice_cream",-30
3,"ice_cream",-50
4,"ice_cream",-49
5,"ice_cream",-26
6,"ice_cream",-20
7,"ice_cream",-50
8,"ice_cream",-18
9,"ice_cream",-24
10,"ice_cream",6
11,"ice_cream",-80
12,"ice_cream",-23
13,"ice_cream",-100
14,"ice_cream",-15
15,"ice_cream",-20
16,"ice_cream",-100
17,"ice_cream",41
18,"ice_cream",-56
19,"ice_cream",-34
1,"jam",-77
2,"jam",0
3,"jam",-10
4,"jam",-35
5,"jam",-5
6,"jam",-65
7,"jam",-50
8,"jam",-16
9,"jam",-28
10,"jam",-15
11,"jam",0
12,"jam",6
13,"jam",-91
14,"jam",-60
15,"jam",10
16,"jam",-100
17,"jam",10
18,"jam",-34
19,"jam",-34
1,"kale",100
2,"kale",100
3,"kale",100
4,"kale",0
5,"kale",67
6,"kale",100
7,"kale",100
8,"kale",100
9,"kale",99
10,"kale",100
11,"kale",90
12,"kale",100
13,"kale",100
14,"kale",60
15,"kale",100
16,"kale",100
17,"kale",100
18,"kale",79
19,"kale",85
1,"kit_kat",-66
2,"kit_kat",-20
3,"kit_kat",-31
4,"kit_kat",-63
5,"kit_kat",-34
6,"kit_kat",-76
7,"kit_kat",-54
8,"kit_kat",-31
9,"kit_kat",-24
10,"kit_kat",0
11,"kit_kat",-50
12,"kit_kat",0
13,"kit_kat",-93
14,"kit_kat",-20
15,"kit_kat",-63
16,"kit_kat",-100
17,"kit_kat",-69
18,"kit_kat",-81
19,"kit_kat",-72
1,"kiwi_fruit",100
2,"kiwi_fruit",70
3,"kiwi_fruit",100
4,"kiwi_fruit",81
5,"kiwi_fruit",50
6,"kiwi_fruit",100
7,"kiwi_fruit",100
8,"kiwi_fruit",82
9,"kiwi_fruit",100
10,"kiwi_fruit",100
11,"kiwi_fruit",80
12,"kiwi_fruit",96
13,"kiwi_fruit",92
14,"kiwi_fruit",60
15,"kiwi_fruit",100
16,"kiwi_fruit",100
17,"kiwi_fruit",100
18,"kiwi_fruit",NA
19,"kiwi_fruit",41
1,"roasted_lamb",-12
2,"roasted_lamb",0
3,"roasted_lamb",45
4,"roasted_lamb",-10
5,"roasted_lamb",51
6,"roasted_lamb",80
7,"roasted_lamb",80
8,"roasted_lamb",30
9,"roasted_lamb",62
10,"roasted_lamb",44
11,"roasted_lamb",30
12,"roasted_lamb",15
13,"roasted_lamb",51
14,"roasted_lamb",-20
15,"roasted_lamb",14
16,"roasted_lamb",-30
17,"roasted_lamb",43
18,"roasted_lamb",-56
19,"roasted_lamb",35
1,"lard",-100
2,"lard",-100
3,"lard",-100
4,"lard",-81
5,"lard",-83
6,"lard",-100
7,"lard",-100
8,"lard",-97
9,"lard",-51
10,"lard",0
11,"lard",-95
12,"lard",-100
13,"lard",-100
14,"lard",-20
15,"lard",-86
16,"lard",-100
17,"lard",-100
18,"lard",-27
19,"lard",-71
1,"lasagna",-17
2,"lasagna",18
3,"lasagna",-30
4,"lasagna",-1
5,"lasagna",36
6,"lasagna",52
7,"lasagna",17
8,"lasagna",39
9,"lasagna",58
10,"lasagna",-100
11,"lasagna",-5
12,"lasagna",-17
13,"lasagna",1
14,"lasagna",20
15,"lasagna",-30
16,"lasagna",-70
17,"lasagna",29
18,"lasagna",-84
19,"lasagna",20
1,"lemonade",-59
2,"lemonade",-100
3,"lemonade",-40
4,"lemonade",-71
5,"lemonade",-34
6,"lemonade",-94
7,"lemonade",-100
8,"lemonade",-75
9,"lemonade",-43
10,"lemonade",-100
11,"lemonade",-40
12,"lemonade",-43
13,"lemonade",-100
14,"lemonade",-15
15,"lemonade",7
16,"lemonade",-50
17,"lemonade",-71
18,"lemonade",-63
19,"lemonade",-11
1,"lettuce",100
2,"lettuce",85
3,"lettuce",100
4,"lettuce",-1
5,"lettuce",64
6,"lettuce",100
7,"lettuce",100
8,"lettuce",100
9,"lettuce",0
10,"lettuce",0
11,"lettuce",95
12,"lettuce",86
13,"lettuce",100
14,"lettuce",60
15,"lettuce",100
16,"lettuce",100
17,"lettuce",100
18,"lettuce",86
19,"lettuce",23
1,"lime",100
2,"lime",31
3,"lime",20
4,"lime",13
5,"lime",44
6,"lime",100
7,"lime",12
8,"lime",68
9,"lime",100
10,"lime",100
11,"lime",60
12,"lime",30
13,"lime",79
14,"lime",50
15,"lime",100
16,"lime",100
17,"lime",100
18,"lime",80
19,"lime",12
1,"macaroni_cheese",-61
2,"macaroni_cheese",-48
3,"macaroni_cheese",-26
4,"macaroni_cheese",-13
5,"macaroni_cheese",14
6,"macaroni_cheese",43
7,"macaroni_cheese",-21
8,"macaroni_cheese",23
9,"macaroni_cheese",36
10,"macaroni_cheese",-46
11,"macaroni_cheese",-90
12,"macaroni_cheese",-6
13,"macaroni_cheese",-93
14,"macaroni_cheese",20
15,"macaroni_cheese",-14
16,"macaroni_cheese",-100
17,"macaroni_cheese",19
18,"macaroni_cheese",-60
19,"macaroni_cheese",-24
1,"mango",100
2,"mango",54
3,"mango",100
4,"mango",25
5,"mango",67
6,"mango",89
7,"mango",91
8,"mango",83
9,"mango",100
10,"mango",84
11,"mango",90
12,"mango",96
13,"mango",94
14,"mango",60
15,"mango",100
16,"mango",100
17,"mango",100
18,"mango",45
19,"mango",37
1,"margarita",-3
2,"margarita",-64
3,"margarita",-40
4,"margarita",-23
5,"margarita",-55
6,"margarita",41
7,"margarita",-52
8,"margarita",-60
9,"margarita",-100
10,"margarita",-100
11,"margarita",-35
12,"margarita",-81
13,"margarita",-97
14,"margarita",-30
15,"margarita",-38
16,"margarita",-100
17,"margarita",-30
18,"margarita",-76
19,"margarita",-28
1,"marshmallow",-100
2,"marshmallow",-14
3,"marshmallow",0
4,"marshmallow",-61
5,"marshmallow",-67
6,"marshmallow",-100
7,"marshmallow",-85
8,"marshmallow",-44
9,"marshmallow",NA
10,"marshmallow",-100
11,"marshmallow",-60
12,"marshmallow",-37
13,"marshmallow",-100
14,"marshmallow",-15
15,"marshmallow",-29
16,"marshmallow",-100
17,"marshmallow",-68
18,"marshmallow",-68
19,"marshmallow",-33
1,"mayonnaise",-84
2,"mayonnaise",-21
3,"mayonnaise",-10
4,"mayonnaise",-28
5,"mayonnaise",0
6,"mayonnaise",-61
7,"mayonnaise",-20
8,"mayonnaise",-51
9,"mayonnaise",-22
10,"mayonnaise",-100
11,"mayonnaise",5
12,"mayonnaise",-20
13,"mayonnaise",-100
14,"mayonnaise",-5
15,"mayonnaise",-27
16,"mayonnaise",-15
17,"mayonnaise",-32
18,"mayonnaise",-96
19,"mayonnaise",-24
1,"milkshake",-20
2,"milkshake",0
3,"milkshake",-23
4,"milkshake",-17
5,"milkshake",-13
6,"milkshake",43
7,"milkshake",-8
8,"milkshake",14
9,"milkshake",-22
10,"milkshake",16
11,"milkshake",-15
12,"milkshake",0
13,"milkshake",-39
14,"milkshake",-5
15,"milkshake",7
16,"milkshake",-75
17,"milkshake",33
18,"milkshake",-83
19,"milkshake",7
1,"soy_milk",61
2,"soy_milk",51
3,"soy_milk",0
4,"soy_milk",-1
5,"soy_milk",41
6,"soy_milk",82
7,"soy_milk",57
8,"soy_milk",48
9,"soy_milk",41
10,"soy_milk",90
11,"soy_milk",25
12,"soy_milk",31
13,"soy_milk",31
14,"soy_milk",0
15,"soy_milk",26
16,"soy_milk",80
17,"soy_milk",80
18,"soy_milk",0
19,"soy_milk",33
1,"mousse",-26
2,"mousse",-12
3,"mousse",0
4,"mousse",-49
5,"mousse",-33
6,"mousse",-75
7,"mousse",-58
8,"mousse",-49
9,"mousse",-29
10,"mousse",-100
11,"mousse",-50
12,"mousse",-4
13,"mousse",-86
14,"mousse",-20
15,"mousse",-48
16,"mousse",-100
17,"mousse",24
18,"mousse",-87
19,"mousse",-46
1,"english_muffin",63
2,"english_muffin",0
3,"english_muffin",10
4,"english_muffin",-21
5,"english_muffin",0
6,"english_muffin",61
7,"english_muffin",-25
8,"english_muffin",3
9,"english_muffin",-28
10,"english_muffin",-100
11,"english_muffin",30
12,"english_muffin",10
13,"english_muffin",60
14,"english_muffin",10
15,"english_muffin",25
16,"english_muffin",-70
17,"english_muffin",38
18,"english_muffin",-43
19,"english_muffin",-46
1,"mussels",41
2,"mussels",33
3,"mussels",NA
4,"mussels",-1
5,"mussels",36
6,"mussels",81
7,"mussels",5
8,"mussels",33
9,"mussels",39
10,"mussels",100
11,"mussels",20
12,"mussels",6
13,"mussels",100
14,"mussels",30
15,"mussels",86
16,"mussels",60
17,"mussels",50
18,"mussels",-43
19,"mussels",33
1,"naan",-18
2,"naan",-13
3,"naan",25
4,"naan",-7
5,"naan",-11
6,"naan",39
7,"naan",-18
8,"naan",20
9,"naan",55
10,"naan",-100
11,"naan",-20
12,"naan",-28
13,"naan",-61
14,"naan",-6
15,"naan",-32
16,"naan",-80
17,"naan",36
18,"naan",-25
19,"naan",-37
1,"oatmeal",100
2,"oatmeal",36
3,"oatmeal",42
4,"oatmeal",-2
5,"oatmeal",24
6,"oatmeal",89
7,"oatmeal",51
8,"oatmeal",40
9,"oatmeal",43
10,"oatmeal",14
11,"oatmeal",40
12,"oatmeal",86
13,"oatmeal",75
14,"oatmeal",30
15,"oatmeal",32
16,"oatmeal",100
17,"oatmeal",84
18,"oatmeal",0
19,"oatmeal",18
1,"okra",100
2,"okra",82
3,"okra",100
4,"okra",14
5,"okra",49
6,"okra",100
7,"okra",55
8,"okra",23
9,"okra",100
10,"okra",50
11,"okra",80
12,"okra",NA
13,"okra",100
14,"okra",60
15,"okra",100
16,"okra",100
17,"okra",100
18,"okra",74
19,"okra",58
1,"olives",64
2,"olives",36
3,"olives",15
4,"olives",6
5,"olives",33
6,"olives",87
7,"olives",18
8,"olives",42
9,"olives",100
10,"olives",64
11,"olives",10
12,"olives",70
13,"olives",-1
14,"olives",40
15,"olives",72
16,"olives",-45
17,"olives",100
18,"olives",44
19,"olives",19
1,"onion_rings",-100
2,"onion_rings",-20
3,"onion_rings",-20
4,"onion_rings",-64
5,"onion_rings",-36
6,"onion_rings",-91
7,"onion_rings",-52
8,"onion_rings",-30
9,"onion_rings",-26
10,"onion_rings",-100
11,"onion_rings",-70
12,"onion_rings",-51
13,"onion_rings",-95
14,"onion_rings",-15
15,"onion_rings",-58
16,"onion_rings",-100
17,"onion_rings",-48
18,"onion_rings",-85
19,"onion_rings",-69
1,"french_onion_soup",22
2,"french_onion_soup",12
3,"french_onion_soup",36
4,"french_onion_soup",22
5,"french_onion_soup",-1
6,"french_onion_soup",17
7,"french_onion_soup",9
8,"french_onion_soup",27
9,"french_onion_soup",59
10,"french_onion_soup",3
11,"french_onion_soup",20
12,"french_onion_soup",35
13,"french_onion_soup",1
14,"french_onion_soup",49
15,"french_onion_soup",27
16,"french_onion_soup",-30
17,"french_onion_soup",40
18,"french_onion_soup",-75
19,"french_onion_soup",21
1,"orange",100
2,"orange",61
3,"orange",100
4,"orange",27
5,"orange",75
6,"orange",100
7,"orange",100
8,"orange",80
9,"orange",100
10,"orange",100
11,"orange",85
12,"orange",100
13,"orange",97
14,"orange",61
15,"orange",100
16,"orange",100
17,"orange",100
18,"orange",83
19,"orange",43
1,"oysters",22
2,"oysters",29
3,"oysters",0
4,"oysters",-1
5,"oysters",0
6,"oysters",82
7,"oysters",4
8,"oysters",10
9,"oysters",39
10,"oysters",100
11,"oysters",20
12,"oysters",5
13,"oysters",91
14,"oysters",40
15,"oysters",79
16,"oysters",60
17,"oysters",39
18,"oysters",-49
19,"oysters",36
1,"pad_thai",71
2,"pad_thai",19
3,"pad_thai",-15
4,"pad_thai",-53
5,"pad_thai",9
6,"pad_thai",98
7,"pad_thai",-11
8,"pad_thai",23
9,"pad_thai",41
10,"pad_thai",41
11,"pad_thai",25
12,"pad_thai",19
13,"pad_thai",34
14,"pad_thai",16
15,"pad_thai",19
16,"pad_thai",-60
17,"pad_thai",65
18,"pad_thai",-30
19,"pad_thai",46
1,"pancakes",-32
2,"pancakes",-26
3,"pancakes",-30
4,"pancakes",-1
5,"pancakes",4
6,"pancakes",32
7,"pancakes",-53
8,"pancakes",36
9,"pancakes",-25
10,"pancakes",-100
11,"pancakes",-60
12,"pancakes",-19
13,"pancakes",-20
14,"pancakes",-10
15,"pancakes",-17
16,"pancakes",-100
17,"pancakes",-25
18,"pancakes",-55
19,"pancakes",0
1,"peach",100
2,"peach",59
3,"peach",100
4,"peach",12
5,"peach",80
6,"peach",100
7,"peach",100
8,"peach",85
9,"peach",100
10,"peach",63
11,"peach",80
12,"peach",100
13,"peach",95
14,"peach",60
15,"peach",100
16,"peach",100
17,"peach",100
18,"peach",90
19,"peach",38
1,"peanut_butter",58
2,"peanut_butter",58
3,"peanut_butter",21
4,"peanut_butter",-12
5,"peanut_butter",-30
6,"peanut_butter",-15
7,"peanut_butter",-4
8,"peanut_butter",27
9,"peanut_butter",61
10,"peanut_butter",65
11,"peanut_butter",20
12,"peanut_butter",0
13,"peanut_butter",-60
14,"peanut_butter",10
15,"peanut_butter",9
16,"peanut_butter",-45
17,"peanut_butter",21
18,"peanut_butter",26
19,"peanut_butter",-17
1,"roasted_peanuts",75
2,"roasted_peanuts",65
3,"roasted_peanuts",20
4,"roasted_peanuts",19
5,"roasted_peanuts",-7
6,"roasted_peanuts",88
7,"roasted_peanuts",70
8,"roasted_peanuts",19
9,"roasted_peanuts",43
10,"roasted_peanuts",100
11,"roasted_peanuts",-40
12,"roasted_peanuts",6
13,"roasted_peanuts",20
14,"roasted_peanuts",-10
15,"roasted_peanuts",-42
16,"roasted_peanuts",30
17,"roasted_peanuts",72
18,"roasted_peanuts",37
19,"roasted_peanuts",23
1,"pear",100
2,"pear",71
3,"pear",100
4,"pear",5
5,"pear",79
6,"pear",100
7,"pear",100
8,"pear",81
9,"pear",100
10,"pear",81
11,"pear",90
12,"pear",100
13,"pear",98
14,"pear",60
15,"pear",100
16,"pear",100
17,"pear",100
18,"pear",93
19,"pear",38
1,"pepperoni",-87
2,"pepperoni",-6
3,"pepperoni",-42
4,"pepperoni",-39
5,"pepperoni",-11
6,"pepperoni",-93
7,"pepperoni",-56
8,"pepperoni",-29
9,"pepperoni",-25
10,"pepperoni",27
11,"pepperoni",-80
12,"pepperoni",-21
13,"pepperoni",-97
14,"pepperoni",11
15,"pepperoni",-68
16,"pepperoni",-100
17,"pepperoni",30
18,"pepperoni",-76
19,"pepperoni",-77
1,"lemon_meringue_pie",-92
2,"lemon_meringue_pie",-65
3,"lemon_meringue_pie",-59
4,"lemon_meringue_pie",-55
5,"lemon_meringue_pie",-37
6,"lemon_meringue_pie",-82
7,"lemon_meringue_pie",-52
8,"lemon_meringue_pie",-40
9,"lemon_meringue_pie",-34
10,"lemon_meringue_pie",-100
11,"lemon_meringue_pie",-60
12,"lemon_meringue_pie",-10
13,"lemon_meringue_pie",-100
14,"lemon_meringue_pie",-25
15,"lemon_meringue_pie",-47
16,"lemon_meringue_pie",-100
17,"lemon_meringue_pie",-40
18,"lemon_meringue_pie",-75
19,"lemon_meringue_pie",-68
1,"pecan_pie",-67
2,"pecan_pie",-32
3,"pecan_pie",-40
4,"pecan_pie",-23
5,"pecan_pie",-51
6,"pecan_pie",-75
7,"pecan_pie",-50
8,"pecan_pie",-47
9,"pecan_pie",-37
10,"pecan_pie",-100
11,"pecan_pie",-65
12,"pecan_pie",-80
13,"pecan_pie",-84
14,"pecan_pie",-15
15,"pecan_pie",-79
16,"pecan_pie",-100
17,"pecan_pie",47
18,"pecan_pie",-49
19,"pecan_pie",-52
1,"pineapple",100
2,"pineapple",77
3,"pineapple",100
4,"pineapple",39
5,"pineapple",60
6,"pineapple",100
7,"pineapple",100
8,"pineapple",82
9,"pineapple",100
10,"pineapple",76
11,"pineapple",80
12,"pineapple",100
13,"pineapple",92
14,"pineapple",60
15,"pineapple",100
16,"pineapple",100
17,"pineapple",100
18,"pineapple",82
19,"pineapple",39
1,"pepperoni_pizza",-90
2,"pepperoni_pizza",-24
3,"pepperoni_pizza",-60
4,"pepperoni_pizza",-43
5,"pepperoni_pizza",-45
6,"pepperoni_pizza",-48
7,"pepperoni_pizza",-52
8,"pepperoni_pizza",2
9,"pepperoni_pizza",-19
10,"pepperoni_pizza",23
11,"pepperoni_pizza",-50
12,"pepperoni_pizza",-39
13,"pepperoni_pizza",-100
14,"pepperoni_pizza",10
15,"pepperoni_pizza",-70
16,"pepperoni_pizza",-100
17,"pepperoni_pizza",33
18,"pepperoni_pizza",-72
19,"pepperoni_pizza",-74
1,"pomegranate",100
2,"pomegranate",42
3,"pomegranate",100
4,"pomegranate",28
5,"pomegranate",61
6,"pomegranate",100
7,"pomegranate",95
8,"pomegranate",82
9,"pomegranate",100
10,"pomegranate",100
11,"pomegranate",80
12,"pomegranate",100
13,"pomegranate",95
14,"pomegranate",55
15,"pomegranate",99
16,"pomegranate",100
17,"pomegranate",100
18,"pomegranate",62
19,"pomegranate",44
1,"popcorn",80
2,"popcorn",0
3,"popcorn",0
4,"popcorn",2
5,"popcorn",37
6,"popcorn",33
7,"popcorn",-25
8,"popcorn",52
9,"popcorn",45
10,"popcorn",55
11,"popcorn",10
12,"popcorn",34
13,"popcorn",-1
14,"popcorn",-10
15,"popcorn",17
16,"popcorn",80
17,"popcorn",70
18,"popcorn",0
19,"popcorn",0
1,"pork_chop",-44
2,"pork_chop",-5
3,"pork_chop",20
4,"pork_chop",-1
5,"pork_chop",43
6,"pork_chop",74
7,"pork_chop",11
8,"pork_chop",14
9,"pork_chop",49
10,"pork_chop",40
11,"pork_chop",10
12,"pork_chop",14
13,"pork_chop",85
14,"pork_chop",20
15,"pork_chop",-10
16,"pork_chop",-30
17,"pork_chop",48
18,"pork_chop",-88
19,"pork_chop",19
1,"pork_loin",-57
2,"pork_loin",-10
3,"pork_loin",30
4,"pork_loin",6
5,"pork_loin",56
6,"pork_loin",85
7,"pork_loin",4
8,"pork_loin",29
9,"pork_loin",32
10,"pork_loin",53
11,"pork_loin",-30
12,"pork_loin",11
13,"pork_loin",93
14,"pork_loin",30
15,"pork_loin",11
16,"pork_loin",-50
17,"pork_loin",42
18,"pork_loin",-66
19,"pork_loin",39
1,"pork_spareribs",-75
2,"pork_spareribs",-18
3,"pork_spareribs",10
4,"pork_spareribs",-22
5,"pork_spareribs",35
6,"pork_spareribs",64
7,"pork_spareribs",-13
8,"pork_spareribs",19
9,"pork_spareribs",31
10,"pork_spareribs",37
11,"pork_spareribs",-25
12,"pork_spareribs",-34
13,"pork_spareribs",-17
14,"pork_spareribs",10
15,"pork_spareribs",-35
16,"pork_spareribs",-70
17,"pork_spareribs",NA
18,"pork_spareribs",-57
19,"pork_spareribs",7
1,"mashed_potatoes",56
2,"mashed_potatoes",20
3,"mashed_potatoes",0
4,"mashed_potatoes",7
5,"mashed_potatoes",19
6,"mashed_potatoes",70
7,"mashed_potatoes",8
8,"mashed_potatoes",28
9,"mashed_potatoes",39
10,"mashed_potatoes",-100
11,"mashed_potatoes",20
12,"mashed_potatoes",3
13,"mashed_potatoes",19
14,"mashed_potatoes",0
15,"mashed_potatoes",28
16,"mashed_potatoes",-20
17,"mashed_potatoes",44
18,"mashed_potatoes",-42
19,"mashed_potatoes",13
1,"soft_pretzels",-13
2,"soft_pretzels",0
3,"soft_pretzels",10
4,"soft_pretzels",-5
5,"soft_pretzels",-32
6,"soft_pretzels",75
7,"soft_pretzels",-51
8,"soft_pretzels",3
9,"soft_pretzels",NA
10,"soft_pretzels",-100
11,"soft_pretzels",-30
12,"soft_pretzels",5
13,"soft_pretzels",-21
14,"soft_pretzels",0
15,"soft_pretzels",-31
16,"soft_pretzels",-80
17,"soft_pretzels",44
18,"soft_pretzels",-57
19,"soft_pretzels",0
1,"rice_pudding",19
2,"rice_pudding",1
3,"rice_pudding",15
4,"rice_pudding",-8
5,"rice_pudding",-1
6,"rice_pudding",56
7,"rice_pudding",-9
8,"rice_pudding",24
9,"rice_pudding",9
10,"rice_pudding",-100
11,"rice_pudding",20
12,"rice_pudding",9
13,"rice_pudding",-1
14,"rice_pudding",20
15,"rice_pudding",20
16,"rice_pudding",50
17,"rice_pudding",65
18,"rice_pudding",-28
19,"rice_pudding",19
1,"quiche",-40
2,"quiche",33
3,"quiche",30
4,"quiche",-47
5,"quiche",0
6,"quiche",-25
7,"quiche",4
8,"quiche",5
9,"quiche",46
10,"quiche",47
11,"quiche",10
12,"quiche",20
13,"quiche",-53
14,"quiche",16
15,"quiche",-49
16,"quiche",-20
17,"quiche",50
18,"quiche",-24
19,"quiche",-22
1,"quinoa",89
2,"quinoa",53
3,"quinoa",40
4,"quinoa",7
5,"quinoa",42
6,"quinoa",91
7,"quinoa",96
8,"quinoa",81
9,"quinoa",43
10,"quinoa",56
11,"quinoa",60
12,"quinoa",35
13,"quinoa",95
14,"quinoa",30
15,"quinoa",78
16,"quinoa",100
17,"quinoa",100
18,"quinoa",32
19,"quinoa",24
1,"raisins",70
2,"raisins",41
3,"raisins",30
4,"raisins",-39
5,"raisins",19
6,"raisins",50
7,"raisins",51
8,"raisins",72
9,"raisins",100
10,"raisins",-44
11,"raisins",30
12,"raisins",27
13,"raisins",60
14,"raisins",25
15,"raisins",32
16,"raisins",70
17,"raisins",80
18,"raisins",28
19,"raisins",22
1,"ravioli",49
2,"ravioli",31
3,"ravioli",30
4,"ravioli",-16
5,"ravioli",37
6,"ravioli",58
7,"ravioli",8
8,"ravioli",29
9,"ravioli",49
10,"ravioli",-100
11,"ravioli",10
12,"ravioli",11
13,"ravioli",-59
14,"ravioli",20
15,"ravioli",8
16,"ravioli",-80
17,"ravioli",40
18,"ravioli",-46
19,"ravioli",31
1,"cinnamon_bun",-49
2,"cinnamon_bun",-48
3,"cinnamon_bun",-30
4,"cinnamon_bun",-25
5,"cinnamon_bun",-45
6,"cinnamon_bun",-28
7,"cinnamon_bun",-50
8,"cinnamon_bun",-15
9,"cinnamon_bun",-22
10,"cinnamon_bun",-100
11,"cinnamon_bun",-35
12,"cinnamon_bun",-80
13,"cinnamon_bun",-71
14,"cinnamon_bun",-10
15,"cinnamon_bun",28
16,"cinnamon_bun",-100
17,"cinnamon_bun",-47
18,"cinnamon_bun",-73
19,"cinnamon_bun",-53
1,"smoked_salmon",51
2,"smoked_salmon",49
3,"smoked_salmon",30
4,"smoked_salmon",9
5,"smoked_salmon",46
6,"smoked_salmon",73
7,"smoked_salmon",-12
8,"smoked_salmon",13
9,"smoked_salmon",-15
10,"smoked_salmon",100
11,"smoked_salmon",50
12,"smoked_salmon",29
13,"smoked_salmon",78
14,"smoked_salmon",40
15,"smoked_salmon",8
16,"smoked_salmon",20
17,"smoked_salmon",51
18,"smoked_salmon",19
19,"smoked_salmon",41
1,"scone",-15
2,"scone",-18
3,"scone",-15
4,"scone",-26
5,"scone",-6
6,"scone",-52
7,"scone",-50
8,"scone",-22
9,"scone",55
10,"scone",-100
11,"scone",-65
12,"scone",-14
13,"scone",12
14,"scone",1
15,"scone",6
16,"scone",-50
17,"scone",34
18,"scone",-77
19,"scone",-31
1,"seaweed",42
2,"seaweed",0
3,"seaweed",0
4,"seaweed",5
5,"seaweed",58
6,"seaweed",24
7,"seaweed",6
8,"seaweed",35
9,"seaweed",74
10,"seaweed",100
11,"seaweed",40
12,"seaweed",36
13,"seaweed",-1
14,"seaweed",10
15,"seaweed",79
16,"seaweed",50
17,"seaweed",100
18,"seaweed",-15
19,"seaweed",0
1,"skittles",-100
2,"skittles",-71
3,"skittles",-20
4,"skittles",-44
5,"skittles",-84
6,"skittles",-90
7,"skittles",-66
8,"skittles",-82
9,"skittles",-78
10,"skittles",-100
11,"skittles",-60
12,"skittles",-6
13,"skittles",-99
14,"skittles",-30
15,"skittles",-2
16,"skittles",-100
17,"skittles",-90
18,"skittles",-96
19,"skittles",-51
1,"cola",-100
2,"cola",-100
3,"cola",-50
4,"cola",-85
5,"cola",-93
6,"cola",-93
7,"cola",-100
8,"cola",-79
9,"cola",-44
10,"cola",-100
11,"cola",-90
12,"cola",-100
13,"cola",-100
14,"cola",-40
15,"cola",-56
16,"cola",-100
17,"cola",-100
18,"cola",-73
19,"cola",-44
1,"sorbet",37
2,"sorbet",-21
3,"sorbet",-5
4,"sorbet",-1
5,"sorbet",-16
6,"sorbet",-72
7,"sorbet",-51
8,"sorbet",-38
9,"sorbet",-28
10,"sorbet",42
11,"sorbet",20
12,"sorbet",4
13,"sorbet",-95
14,"sorbet",-10
15,"sorbet",19
16,"sorbet",-40
17,"sorbet",30
18,"sorbet",-75
19,"sorbet",-22
1,"ramen_noodle_soup",53
2,"ramen_noodle_soup",8
3,"ramen_noodle_soup",NA
4,"ramen_noodle_soup",10
5,"ramen_noodle_soup",15
6,"ramen_noodle_soup",35
7,"ramen_noodle_soup",4
8,"ramen_noodle_soup",21
9,"ramen_noodle_soup",42
10,"ramen_noodle_soup",16
11,"ramen_noodle_soup",20
12,"ramen_noodle_soup",NA
13,"ramen_noodle_soup",21
14,"ramen_noodle_soup",20
15,"ramen_noodle_soup",21
16,"ramen_noodle_soup",-25
17,"ramen_noodle_soup",NA
18,"ramen_noodle_soup",-65
19,"ramen_noodle_soup",52
1,"sour_cream",-16
2,"sour_cream",0
3,"sour_cream",-15
4,"sour_cream",-13
5,"sour_cream",-12
6,"sour_cream",-72
7,"sour_cream",-19
8,"sour_cream",-3
9,"sour_cream",-30
10,"sour_cream",100
11,"sour_cream",10
12,"sour_cream",-20
13,"sour_cream",-76
14,"sour_cream",-9
15,"sour_cream",-57
16,"sour_cream",-20
17,"sour_cream",43
18,"sour_cream",-72
19,"sour_cream",-46
1,"spaghetti",75
2,"spaghetti",10
3,"spaghetti",0
4,"spaghetti",15
5,"spaghetti",16
6,"spaghetti",93
7,"spaghetti",9
8,"spaghetti",34
9,"spaghetti",54
10,"spaghetti",-100
11,"spaghetti",40
12,"spaghetti",31
13,"spaghetti",23
14,"spaghetti",10
15,"spaghetti",48
16,"spaghetti",50
17,"spaghetti",41
18,"spaghetti",0
19,"spaghetti",25
1,"strawberries",100
2,"strawberries",80
3,"strawberries",100
4,"strawberries",11
5,"strawberries",77
6,"strawberries",100
7,"strawberries",100
8,"strawberries",84
9,"strawberries",100
10,"strawberries",100
11,"strawberries",85
12,"strawberries",100
13,"strawberries",91
14,"strawberries",60
15,"strawberries",100
16,"strawberries",100
17,"strawberries",100
18,"strawberries",88
19,"strawberries",33
1,"brown_sugar",-100
2,"brown_sugar",-19
3,"brown_sugar",-50
4,"brown_sugar",-23
5,"brown_sugar",-67
6,"brown_sugar",-99
7,"brown_sugar",-56
8,"brown_sugar",-29
9,"brown_sugar",-41
10,"brown_sugar",-100
11,"brown_sugar",5
12,"brown_sugar",-89
13,"brown_sugar",-100
14,"brown_sugar",-25
15,"brown_sugar",4
16,"brown_sugar",-100
17,"brown_sugar",-81
18,"brown_sugar",-84
19,"brown_sugar",-33
1,"sushi",37
2,"sushi",22
3,"sushi",10
4,"sushi",-1
5,"sushi",24
6,"sushi",73
7,"sushi",6
8,"sushi",38
9,"sushi",49
10,"sushi",77
11,"sushi",30
12,"sushi",27
13,"sushi",85
14,"sushi",30
15,"sushi",62
16,"sushi",40
17,"sushi",50
18,"sushi",-84
19,"sushi",41
1,"baked_sweet_potato",86
2,"baked_sweet_potato",25
3,"baked_sweet_potato",50
4,"baked_sweet_potato",0
5,"baked_sweet_potato",42
6,"baked_sweet_potato",94
7,"baked_sweet_potato",83
8,"baked_sweet_potato",69
9,"baked_sweet_potato",100
10,"baked_sweet_potato",82
11,"baked_sweet_potato",70
12,"baked_sweet_potato",100
13,"baked_sweet_potato",96
14,"baked_sweet_potato",50
15,"baked_sweet_potato",80
16,"baked_sweet_potato",100
17,"baked_sweet_potato",75
18,"baked_sweet_potato",NA
19,"baked_sweet_potato",52
1,"tea",0
2,"tea",0
3,"tea",0
4,"tea",-1
5,"tea",-1
6,"tea",61
7,"tea",15
8,"tea",17
9,"tea",0
10,"tea",100
11,"tea",40
12,"tea",0
13,"tea",-1
14,"tea",0
15,"tea",4
16,"tea",80
17,"tea",70
18,"tea",0
19,"tea",0
1,"tiramisu",-50
2,"tiramisu",-12
3,"tiramisu",-60
4,"tiramisu",-37
5,"tiramisu",-55
6,"tiramisu",-81
7,"tiramisu",-51
8,"tiramisu",-47
9,"tiramisu",-77
10,"tiramisu",-100
11,"tiramisu",-65
12,"tiramisu",-91
13,"tiramisu",-100
14,"tiramisu",-10
15,"tiramisu",-70
16,"tiramisu",-100
17,"tiramisu",-40
18,"tiramisu",-81
19,"tiramisu",-57
1,"tomatoes",100
2,"tomatoes",80
3,"tomatoes",100
4,"tomatoes",-1
5,"tomatoes",73
6,"tomatoes",100
7,"tomatoes",100
8,"tomatoes",92
9,"tomatoes",100
10,"tomatoes",100
11,"tomatoes",90
12,"tomatoes",100
13,"tomatoes",100
14,"tomatoes",60
15,"tomatoes",100
16,"tomatoes",100
17,"tomatoes",100
18,"tomatoes",91
19,"tomatoes",40
1,"roasted_turkey",39
2,"roasted_turkey",34
3,"roasted_turkey",50
4,"roasted_turkey",26
5,"roasted_turkey",42
6,"roasted_turkey",82
7,"roasted_turkey",66
8,"roasted_turkey",49
9,"roasted_turkey",59
10,"roasted_turkey",100
11,"roasted_turkey",65
12,"roasted_turkey",100
13,"roasted_turkey",85
14,"roasted_turkey",35
15,"roasted_turkey",33
16,"roasted_turkey",80
17,"roasted_turkey",80
18,"roasted_turkey",-64
19,"roasted_turkey",51
1,"vegetable_broth",85
2,"vegetable_broth",71
3,"vegetable_broth",40
4,"vegetable_broth",-1
5,"vegetable_broth",42
6,"vegetable_broth",45
7,"vegetable_broth",31
8,"vegetable_broth",29
9,"vegetable_broth",46
10,"vegetable_broth",38
11,"vegetable_broth",60
12,"vegetable_broth",37
13,"vegetable_broth",62
14,"vegetable_broth",61
15,"vegetable_broth",53
16,"vegetable_broth",-20
17,"vegetable_broth",44
18,"vegetable_broth",0
19,"vegetable_broth",52
1,"waffle",-80
2,"waffle",-28
3,"waffle",-40
4,"waffle",-42
5,"waffle",-10
6,"waffle",-80
7,"waffle",-52
8,"waffle",-23
9,"waffle",-30
10,"waffle",-100
11,"waffle",-60
12,"waffle",-20
13,"waffle",-71
14,"waffle",-10
15,"waffle",-48
16,"waffle",-100
17,"waffle",30
18,"waffle",-73
19,"waffle",-67
1,"walnuts",100
2,"walnuts",83
3,"walnuts",22
4,"walnuts",29
5,"walnuts",38
6,"walnuts",100
7,"walnuts",94
8,"walnuts",67
9,"walnuts",45
10,"walnuts",100
11,"walnuts",30
12,"walnuts",26
13,"walnuts",82
14,"walnuts",35
15,"walnuts",31
16,"walnuts",100
17,"walnuts",70
18,"walnuts",90
19,"walnuts",31
1,"wasabi_peas",63
2,"wasabi_peas",41
3,"wasabi_peas",-1
4,"wasabi_peas",1
5,"wasabi_peas",32
6,"wasabi_peas",91
7,"wasabi_peas",-13
8,"wasabi_peas",13
9,"wasabi_peas",10
10,"wasabi_peas",65
11,"wasabi_peas",20
12,"wasabi_peas",22
13,"wasabi_peas",1
14,"wasabi_peas",10
15,"wasabi_peas",48
16,"wasabi_peas",40
17,"wasabi_peas",68
18,"wasabi_peas",-53
19,"wasabi_peas",-26
1,"watermelon",100
2,"watermelon",39
3,"watermelon",100
4,"watermelon",31
5,"watermelon",72
6,"watermelon",100
7,"watermelon",90
8,"watermelon",81
9,"watermelon",100
10,"watermelon",-1
11,"watermelon",95
12,"watermelon",83
13,"watermelon",89
14,"watermelon",61
15,"watermelon",100
16,"watermelon",100
17,"watermelon",100
18,"watermelon",87
19,"watermelon",33
1,"french_fries",-84
2,"french_fries",-18
3,"french_fries",-30
4,"french_fries",-61
5,"french_fries",-26
6,"french_fries",-90
7,"french_fries",-54
8,"french_fries",-33
9,"french_fries",-29
10,"french_fries",-100
11,"french_fries",-50
12,"french_fries",-77
13,"french_fries",-56
14,"french_fries",-20
15,"french_fries",-66
16,"french_fries",-100
17,"french_fries",-70
18,"french_fries",-94
19,"french_fries",-50
1,"frozen_yogurt",22
2,"frozen_yogurt",1
3,"frozen_yogurt",0
4,"frozen_yogurt",22
5,"frozen_yogurt",27
6,"frozen_yogurt",-22
7,"frozen_yogurt",-7
8,"frozen_yogurt",27
9,"frozen_yogurt",32
10,"frozen_yogurt",100
11,"frozen_yogurt",20
12,"frozen_yogurt",29
13,"frozen_yogurt",-76
14,"frozen_yogurt",5
15,"frozen_yogurt",22
16,"frozen_yogurt",-40
17,"frozen_yogurt",34
18,"frozen_yogurt",-38
19,"frozen_yogurt",-13
1,"plain_yogurt",69
2,"plain_yogurt",41
3,"plain_yogurt",50
4,"plain_yogurt",-1
5,"plain_yogurt",56
6,"plain_yogurt",90
7,"plain_yogurt",90
8,"plain_yogurt",71
9,"plain_yogurt",58
10,"plain_yogurt",100
11,"plain_yogurt",60
12,"plain_yogurt",27
13,"plain_yogurt",49
14,"plain_yogurt",40
15,"plain_yogurt",34
16,"plain_yogurt",100
17,"plain_yogurt",33
18,"plain_yogurt",35
19,"plain_yogurt",47
