food_name,actual_difference,predicted_difference,model
aloe_vera_juice,3.416567057,-1.83836,Vector Representation Model
anchovy,-5.226558665,-0.114384,Vector Representation Model
apple,-4.511970173,-5.57344,Vector Representation Model
apple_cider,9.935921717,3.10119,Vector Representation Model
apricot,-1.670640533,-2.49686,Vector Representation Model
artichoke,3.989583333,1.16966,Vector Representation Model
asparagus,-2.634881321,0.489202,Vector Representation Model
avocado,-9.170673077,-3.36367,Vector Representation Model
bacon,4.665865385,3.93918,Vector Representation Model
baked_beans,-2.691578947,6.60172,Vector Representation Model
baked_sweet_potato,-0.807598039,1.59678,Vector Representation Model
banana,-4.190345369,-2.8683,Vector Representation Model
beef_jerky,3.373516484,0.279702,Vector Representation Model
beef_shortribs,4.819366044,6.75026,Vector Representation Model
beef_sirloin,8.578431373,0.978596,Vector Representation Model
beer,17.68893735,11.1077,Vector Representation Model
beets,-1.755283648,-2.59865,Vector Representation Model
biscotti,-5.987745758,2.15779,Vector Representation Model
blueberries,-7.661302983,-6.03845,Vector Representation Model
bran_flakes,-12.58596612,-1.9076,Vector Representation Model
brandy,4.010111649,4.51765,Vector Representation Model
broccoli,-2.869427383,-3.40483,Vector Representation Model
brown_sugar,2.402962666,-4.12658,Vector Representation Model
brussels_sprouts,1.489045713,-1.15477,Vector Representation Model
caesar_salad,5.593734361,3.74147,Vector Representation Model
cantaloupe,2.063882064,-0.432503,Vector Representation Model
cappuccino,18.0610471,5.1902,Vector Representation Model
carrot_cake,-12.88083802,0.207612,Vector Representation Model
carrots,-5.222045995,-6.76164,Vector Representation Model
cashew_nuts,-15.10418904,-4.64802,Vector Representation Model
cauliflower,-4.82768064,-2.43962,Vector Representation Model
celery,-5.566497976,-4.17197,Vector Representation Model
cereal,-4.80480327,-5.4812,Vector Representation Model
cheddar_cheese,1.999008723,2.63962,Vector Representation Model
cheerios,0.067513369,-4.63626,Vector Representation Model
cheeseburger,6.513343799,6.61278,Vector Representation Model
cheesecake,-3.844537815,4.39792,Vector Representation Model
cherries,-5.53021978,-5.8457,Vector Representation Model
chewing_gum,0.124082935,-4.42165,Vector Representation Model
chicken_breast,9.368556701,2.31893,Vector Representation Model
chicken_burrito,-1.111519608,4.46222,Vector Representation Model
chicken_curry,13.826217,2.87346,Vector Representation Model
chicken_enchilada,14.0039794,0.849384,Vector Representation Model
chicken_noodle_soup,10.00900081,3.50069,Vector Representation Model
chicken_nuggets,5.439135607,1.43676,Vector Representation Model
chicken_thighs,7.227941176,1.18345,Vector Representation Model
chicken_wings,-0.415051546,8.40618,Vector Representation Model
chickpeas,-10.81802912,-5.62831,Vector Representation Model
chorizo,0.961076345,6.82105,Vector Representation Model
churros,3.410804322,2.49847,Vector Representation Model
cinnamon_bun,-10.34116677,3.52304,Vector Representation Model
clam_chowder,11.89402174,5.26389,Vector Representation Model
coconut_milk,-13.36916667,-0.580931,Vector Representation Model
cola,10.0359814,3.28211,Vector Representation Model
corn,-1.269907963,-3.2862,Vector Representation Model
corn_flakes,-5.710448057,-3.25407,Vector Representation Model
crab_cake,-1.283953998,4.77946,Vector Representation Model
cranberries,-1.019389439,-5.56576,Vector Representation Model
cream_cheese,0.929924242,-0.713272,Vector Representation Model
crepe,3.269946809,4.58324,Vector Representation Model
croissant,-2.931089744,2.20245,Vector Representation Model
cucumber,-2.718602826,-1.86764,Vector Representation Model
dark_chocolate,-0.238953834,-2.49998,Vector Representation Model
donut,-1.616365777,3.08949,Vector Representation Model
duck,1.235643564,4.5629,Vector Representation Model
dumpling,15.05721452,1.74963,Vector Representation Model
egg_omelet,-6.947660587,2.22255,Vector Representation Model
eggnog,7.809404911,1.26054,Vector Representation Model
english_muffin,7.674516129,0.460964,Vector Representation Model
espresso,14.31578947,7.24808,Vector Representation Model
fajita,16.78037904,7.10015,Vector Representation Model
fig,-1.915127426,-6.93894,Vector Representation Model
flax_seeds,-19.39078591,-8.23689,Vector Representation Model
flaxseed_oil,-17.18852224,-0.925272,Vector Representation Model
french_fries,8.98721253,0.728366,Vector Representation Model
french_onion_soup,3.248003549,5.60359,Vector Representation Model
french_toast,-4.166718864,2.48689,Vector Representation Model
frozen_yogurt,5.974893617,2.58825,Vector Representation Model
granola_bar,-5.305217391,-3.92796,Vector Representation Model
grapes,-2.707810047,-3.73773,Vector Representation Model
guacamole,11.43427835,2.56972,Vector Representation Model
hamburger,12.47880691,6.58446,Vector Representation Model
hazelnuts,-13.46299888,-5.74558,Vector Representation Model
honey,-10.25346947,-2.42631,Vector Representation Model
honeydew_melon,-1.660499734,-1.65276,Vector Representation Model
hummus,1.708187135,1.48672,Vector Representation Model
ice_cream,4.433584457,5.16442,Vector Representation Model
jam,-0.198605215,-0.329565,Vector Representation Model
kale,-0.850692785,-2.81879,Vector Representation Model
kit_kat,3.273195876,0.42303,Vector Representation Model
kiwi_fruit,-5.972775498,-1.74399,Vector Representation Model
lard,2.28064843,0.777433,Vector Representation Model
lasagna,8.725593395,4.4886,Vector Representation Model
lemon_meringue_pie,2.832059492,1.0395,Vector Representation Model
lemonade,-1.81790344,4.2534,Vector Representation Model
lettuce,-2.161165049,-0.893395,Vector Representation Model
lime,-2.270111386,-0.612757,Vector Representation Model
macaroni_cheese,6.619567415,-0.453495,Vector Representation Model
macaroon,-8.478729192,-2.18542,Vector Representation Model
mango,-5.146015067,-3.23329,Vector Representation Model
margarita,1.753801754,6.68376,Vector Representation Model
marshmallow,-0.975648324,-3.99195,Vector Representation Model
mashed_potatoes,-10.94458763,4.14687,Vector Representation Model
mayonnaise,1.124712241,0.221028,Vector Representation Model
milkshake,0.507849294,4.56492,Vector Representation Model
mocha,14.12765957,4.77951,Vector Representation Model
mousse,2.380850812,0.50127,Vector Representation Model
mozzarella_cheese,0.949054149,0.661297,Vector Representation Model
multigrain_bagel,-0.448760149,-0.163357,Vector Representation Model
mussels,4.008241758,2.51524,Vector Representation Model
naan,1.968957871,0.854752,Vector Representation Model
oatmeal,-2.521984457,-2.34575,Vector Representation Model
oatmeal_raisin_cookie,-4.972375138,-0.904077,Vector Representation Model
okra,6.631790269,-2.41314,Vector Representation Model
olives,-10.61941806,-6.31352,Vector Representation Model
onion_rings,-0.766395879,4.02024,Vector Representation Model
orange,-4.264117297,-1.52477,Vector Representation Model
oysters,5.908635795,1.31213,Vector Representation Model
pad_thai,3.432132384,4.55406,Vector Representation Model
pancakes,7.108445678,0.35401,Vector Representation Model
peach,-5.681593026,-1.41494,Vector Representation Model
peanut_butter,3.651934266,-3.92215,Vector Representation Model
peanut_butter_cookie,-1.173076923,-2.07207,Vector Representation Model
pear,-2.105769231,-1.91076,Vector Representation Model
pecan_pie,4.823184153,0.73063,Vector Representation Model
pepperoni,-3.445017906,3.7601,Vector Representation Model
pepperoni_pizza,6.200780703,3.85846,Vector Representation Model
pineapple,-4.368139489,-4.32728,Vector Representation Model
pita_bread,-1.912617221,0.671362,Vector Representation Model
plain_yogurt,4.120486656,0.179174,Vector Representation Model
pomegranate,-4.636679293,-5.39699,Vector Representation Model
popcorn,-2.339300162,0.903578,Vector Representation Model
pork_chop,13.75637245,5.6778,Vector Representation Model
pork_loin,20.68282828,7.48778,Vector Representation Model
pork_spareribs,12.65163485,4.4207,Vector Representation Model
potato_gnocchi,-0.867320261,1.09046,Vector Representation Model
quiche,3.191145281,3.43287,Vector Representation Model
quinoa,-9.104605263,-5.57899,Vector Representation Model
raisins,-7.791666667,-8.61115,Vector Representation Model
ramen_noodle_soup,-7.672965116,1.67647,Vector Representation Model
ravioli,0.87696073,3.64784,Vector Representation Model
rice_pudding,1.779402483,-1.95092,Vector Representation Model
roasted_almonds,-12.67902429,-3.05019,Vector Representation Model
roasted_lamb,8.445544554,5.06519,Vector Representation Model
roasted_peanuts,-9.377209596,-1.75775,Vector Representation Model
roasted_turkey,4.216988015,4.7027,Vector Representation Model
scone,1.043678161,2.90139,Vector Representation Model
scrambled_eggs,-1.58545712,3.69307,Vector Representation Model
seaweed,-0.128735357,-6.26544,Vector Representation Model
shortbread_cookie,-7.09279545,-3.2099,Vector Representation Model
skittles,6.450326797,1.34022,Vector Representation Model
smoked_ham,12.42495955,3.19049,Vector Representation Model
smoked_salmon,4.817556634,3.83069,Vector Representation Model
smores,-4.327380952,4.04652,Vector Representation Model
soft_pretzels,0.923258427,1.73309,Vector Representation Model
sorbet,15.47115385,-1.53969,Vector Representation Model
sour_cream,7.914421904,1.09357,Vector Representation Model
soy_milk,2.807482993,2.79967,Vector Representation Model
spaghetti,4.637490087,1.96331,Vector Representation Model
sponge_cake,-7.51375,-0.480041,Vector Representation Model
strawberries,-3.760596546,-4.11743,Vector Representation Model
sushi,-0.69040775,7.9186,Vector Representation Model
tea,12.68541688,2.3048,Vector Representation Model
tiramisu,3.881532718,2.05097,Vector Representation Model
tomatoes,-3.342817896,-2.3711,Vector Representation Model
trout,-1.961174242,0.522787,Vector Representation Model
vegetable_broth,3.225317209,1.20939,Vector Representation Model
waffle,10.55929487,4.50131,Vector Representation Model
walnuts,-17.76,-8.6651,Vector Representation Model
wasabi_peas,-10.31206788,-3.64265,Vector Representation Model
watermelon,-5.769034537,-1.33435,Vector Representation Model
whipped_cream,-4.964018597,0.669408,Vector Representation Model
aloe_vera_juice,3.416567057,0.395248,Nutrient Model
anchovy,-5.226558665,0.811375,Nutrient Model
apple,-4.511970173,0.588489,Nutrient Model
apple_cider,9.935921717,0.298835,Nutrient Model
apricot,-1.670640533,0.762758,Nutrient Model
artichoke,3.989583333,2.36951,Nutrient Model
asparagus,-2.634881321,3.32284,Nutrient Model
avocado,-9.170673077,0.632088,Nutrient Model
bacon,4.665865385,0.9763,Nutrient Model
baked_beans,-2.691578947,1.30709,Nutrient Model
baked_sweet_potato,-0.807598039,0.539588,Nutrient Model
banana,-4.190345369,0.026302,Nutrient Model
beef_jerky,3.373516484,-0.682179,Nutrient Model
beef_shortribs,4.819366044,0.699372,Nutrient Model
beef_sirloin,8.578431373,4.55197,Nutrient Model
beer,17.68893735,1.85809,Nutrient Model
beets,-1.755283648,0.480867,Nutrient Model
biscotti,-5.987745758,-3.29282,Nutrient Model
blueberries,-7.661302983,0.6292,Nutrient Model
bran_flakes,-12.58596612,0.399394,Nutrient Model
brandy,4.010111649,-2.71462,Nutrient Model
broccoli,-2.869427383,2.98802,Nutrient Model
brown_sugar,2.402962666,-4.61836,Nutrient Model
brussels_sprouts,1.489045713,2.85712,Nutrient Model
caesar_salad,5.593734361,2.5037,Nutrient Model
cantaloupe,2.063882064,0.738632,Nutrient Model
cappuccino,18.0610471,2.71232,Nutrient Model
carrot_cake,-12.88083802,-2.77676,Nutrient Model
carrots,-5.222045995,2.67273,Nutrient Model
cashew_nuts,-15.10418904,-3.96667,Nutrient Model
cauliflower,-4.82768064,3.10949,Nutrient Model
celery,-5.566497976,2.95376,Nutrient Model
cereal,-4.80480327,-2.09637,Nutrient Model
cheddar_cheese,1.999008723,10.0443,Nutrient Model
cheerios,0.067513369,-0.978413,Nutrient Model
cheeseburger,6.513343799,1.36597,Nutrient Model
cheesecake,-3.844537815,1.01094,Nutrient Model
cherries,-5.53021978,0.723398,Nutrient Model
chewing_gum,0.124082935,-4.68769,Nutrient Model
chicken_breast,9.368556701,6.59759,Nutrient Model
chicken_burrito,-1.111519608,3.79264,Nutrient Model
chicken_curry,13.826217,2.65673,Nutrient Model
chicken_enchilada,14.0039794,4.45816,Nutrient Model
chicken_noodle_soup,10.00900081,4.26084,Nutrient Model
chicken_nuggets,5.439135607,3.75106,Nutrient Model
chicken_thighs,7.227941176,2.88182,Nutrient Model
chicken_wings,-0.415051546,4.54477,Nutrient Model
chickpeas,-10.81802912,-1.31012,Nutrient Model
chorizo,0.961076345,1.9925,Nutrient Model
churros,3.410804322,-5.31751,Nutrient Model
cinnamon_bun,-10.34116677,-2.33494,Nutrient Model
clam_chowder,11.89402174,4.13164,Nutrient Model
coconut_milk,-13.36916667,9.47377,Nutrient Model
cola,10.0359814,0.417214,Nutrient Model
corn,-1.269907963,-0.0632458,Nutrient Model
corn_flakes,-5.710448057,-2.21868,Nutrient Model
crab_cake,-1.283953998,3.34737,Nutrient Model
cranberries,-1.019389439,2.52461,Nutrient Model
cream_cheese,0.929924242,4.45004,Nutrient Model
crepe,3.269946809,2.72687,Nutrient Model
croissant,-2.931089744,-0.413125,Nutrient Model
cucumber,-2.718602826,3.18869,Nutrient Model
dark_chocolate,-0.238953834,-2.45812,Nutrient Model
donut,-1.616365777,-3.11183,Nutrient Model
duck,1.235643564,-0.846203,Nutrient Model
dumpling,15.05721452,4.0833,Nutrient Model
egg_omelet,-6.947660587,4.38255,Nutrient Model
eggnog,7.809404911,1.2695,Nutrient Model
english_muffin,7.674516129,0.461319,Nutrient Model
espresso,14.31578947,2.63545,Nutrient Model
fajita,16.78037904,3.65561,Nutrient Model
fig,-1.915127426,0.568004,Nutrient Model
flax_seeds,-19.39078591,-4.16217,Nutrient Model
flaxseed_oil,-17.18852224,-21.3211,Nutrient Model
french_fries,8.98721253,1.9452,Nutrient Model
french_onion_soup,3.248003549,3.51544,Nutrient Model
french_toast,-4.166718864,-0.159029,Nutrient Model
frozen_yogurt,5.974893617,0.650054,Nutrient Model
granola_bar,-5.305217391,-5.23844,Nutrient Model
grapes,-2.707810047,0.612106,Nutrient Model
guacamole,11.43427835,2.05989,Nutrient Model
hamburger,12.47880691,2.34662,Nutrient Model
hazelnuts,-13.46299888,-8.57873,Nutrient Model
honey,-10.25346947,-0.196012,Nutrient Model
honeydew_melon,-1.660499734,0.750564,Nutrient Model
hummus,1.708187135,2.74594,Nutrient Model
ice_cream,4.433584457,-0.203546,Nutrient Model
jam,-0.198605215,-4.23306,Nutrient Model
kale,-0.850692785,2.65803,Nutrient Model
kit_kat,3.273195876,-2.55947,Nutrient Model
kiwi_fruit,-5.972775498,0.468759,Nutrient Model
lard,2.28064843,-19.7387,Nutrient Model
lasagna,8.725593395,3.82485,Nutrient Model
lemon_meringue_pie,2.832059492,-3.07618,Nutrient Model
lemonade,-1.81790344,-2.55668,Nutrient Model
lettuce,-2.161165049,3.20826,Nutrient Model
lime,-2.270111386,2.79552,Nutrient Model
macaroni_cheese,6.619567415,2.1988,Nutrient Model
macaroon,-8.478729192,2.33899,Nutrient Model
mango,-5.146015067,0.81943,Nutrient Model
margarita,1.753801754,-2.00806,Nutrient Model
marshmallow,-0.975648324,-4.39527,Nutrient Model
mashed_potatoes,-10.94458763,-1.69457,Nutrient Model
mayonnaise,1.124712241,-11.2897,Nutrient Model
milkshake,0.507849294,0.941008,Nutrient Model
mocha,14.12765957,0.184983,Nutrient Model
mousse,2.380850812,-0.0234195,Nutrient Model
mozzarella_cheese,0.949054149,8.73738,Nutrient Model
multigrain_bagel,-0.448760149,-1.73491,Nutrient Model
mussels,4.008241758,4.84442,Nutrient Model
naan,1.968957871,0.424159,Nutrient Model
oatmeal,-2.521984457,4.46067,Nutrient Model
oatmeal_raisin_cookie,-4.972375138,-5.0917,Nutrient Model
okra,6.631790269,2.73159,Nutrient Model
olives,-10.61941806,4.61538,Nutrient Model
onion_rings,-0.766395879,-3.70765,Nutrient Model
orange,-4.264117297,0.784778,Nutrient Model
oysters,5.908635795,2.73884,Nutrient Model
pad_thai,3.432132384,3.19119,Nutrient Model
pancakes,7.108445678,-1.58915,Nutrient Model
peach,-5.681593026,0.934855,Nutrient Model
peanut_butter,3.651934266,-5.86275,Nutrient Model
peanut_butter_cookie,-1.173076923,-5.92411,Nutrient Model
pear,-2.105769231,0.415883,Nutrient Model
pecan_pie,4.823184153,-6.59901,Nutrient Model
pepperoni,-3.445017906,-0.758885,Nutrient Model
pepperoni_pizza,6.200780703,2.68133,Nutrient Model
pineapple,-4.368139489,0.676813,Nutrient Model
pita_bread,-1.912617221,-0.629586,Nutrient Model
plain_yogurt,4.120486656,0.811029,Nutrient Model
pomegranate,-4.636679293,0.356837,Nutrient Model
popcorn,-2.339300162,-3.84676,Nutrient Model
pork_chop,13.75637245,4.16355,Nutrient Model
pork_loin,20.68282828,3.14972,Nutrient Model
pork_spareribs,12.65163485,2.90833,Nutrient Model
potato_gnocchi,-0.867320261,4.06685,Nutrient Model
quiche,3.191145281,2.94552,Nutrient Model
quinoa,-9.104605263,-0.78307,Nutrient Model
raisins,-7.791666667,-2.82136,Nutrient Model
ramen_noodle_soup,-7.672965116,-1.67055,Nutrient Model
ravioli,0.87696073,3.85468,Nutrient Model
rice_pudding,1.779402483,-0.188893,Nutrient Model
roasted_almonds,-12.67902429,-5.03594,Nutrient Model
roasted_lamb,8.445544554,5.422,Nutrient Model
roasted_peanuts,-9.377209596,-2.40874,Nutrient Model
roasted_turkey,4.216988015,4.60755,Nutrient Model
scone,1.043678161,1.16573,Nutrient Model
scrambled_eggs,-1.58545712,3.55784,Nutrient Model
seaweed,-0.128735357,4.77581,Nutrient Model
shortbread_cookie,-7.09279545,-5.51781,Nutrient Model
skittles,6.450326797,-4.28121,Nutrient Model
smoked_ham,12.42495955,4.48772,Nutrient Model
smoked_salmon,4.817556634,8.13315,Nutrient Model
smores,-4.327380952,-1.36116,Nutrient Model
soft_pretzels,0.923258427,-1.43231,Nutrient Model
sorbet,15.47115385,0.0297136,Nutrient Model
sour_cream,7.914421904,3.39613,Nutrient Model
soy_milk,2.807482993,2.6788,Nutrient Model
spaghetti,4.637490087,2.26489,Nutrient Model
sponge_cake,-7.51375,-3.1446,Nutrient Model
strawberries,-3.760596546,3.04713,Nutrient Model
sushi,-0.69040775,3.2509,Nutrient Model
tea,12.68541688,2.884,Nutrient Model
tiramisu,3.881532718,0.00575743,Nutrient Model
tomatoes,-3.342817896,3.21167,Nutrient Model
trout,-1.961174242,4.9725,Nutrient Model
vegetable_broth,3.225317209,4.64742,Nutrient Model
waffle,10.55929487,-2.02182,Nutrient Model
walnuts,-17.76,-8.86816,Nutrient Model
wasabi_peas,-10.31206788,-1.93728,Nutrient Model
watermelon,-5.769034537,0.940459,Nutrient Model
whipped_cream,-4.964018597,1.95523,Nutrient Model
aloe_vera_juice,3.416567057,0.0529836,Combined Model
anchovy,-5.226558665,0.517588,Combined Model
apple,-4.511970173,-2.63975,Combined Model
apple_cider,9.935921717,3.7399,Combined Model
apricot,-1.670640533,-1.77167,Combined Model
artichoke,3.989583333,1.68727,Combined Model
asparagus,-2.634881321,0.109564,Combined Model
avocado,-9.170673077,-4.30517,Combined Model
bacon,4.665865385,3.13364,Combined Model
baked_beans,-2.691578947,8.84285,Combined Model
baked_sweet_potato,-0.807598039,2.64516,Combined Model
banana,-4.190345369,-2.09848,Combined Model
beef_jerky,3.373516484,-0.620693,Combined Model
beef_shortribs,4.819366044,2.53881,Combined Model
beef_sirloin,8.578431373,3.49677,Combined Model
beer,17.68893735,12.0262,Combined Model
beets,-1.755283648,-3.85219,Combined Model
biscotti,-5.987745758,-0.586011,Combined Model
blueberries,-7.661302983,-5.94292,Combined Model
bran_flakes,-12.58596612,-1.99339,Combined Model
brandy,4.010111649,2.36381,Combined Model
broccoli,-2.869427383,-1.42749,Combined Model
brown_sugar,2.402962666,-6.86754,Combined Model
brussels_sprouts,1.489045713,1.00929,Combined Model
caesar_salad,5.593734361,4.78533,Combined Model
cantaloupe,2.063882064,-0.0824549,Combined Model
cappuccino,18.0610471,10.1176,Combined Model
carrot_cake,-12.88083802,-3.29144,Combined Model
carrots,-5.222045995,-2.22437,Combined Model
cashew_nuts,-15.10418904,-12.2944,Combined Model
cauliflower,-4.82768064,-1.26881,Combined Model
celery,-5.566497976,-1.18628,Combined Model
cereal,-4.80480327,-6.73813,Combined Model
cheddar_cheese,1.999008723,4.93971,Combined Model
cheerios,0.067513369,-3.75264,Combined Model
cheeseburger,6.513343799,5.77819,Combined Model
cheesecake,-3.844537815,3.74158,Combined Model
cherries,-5.53021978,-4.4578,Combined Model
chewing_gum,0.124082935,-4.82115,Combined Model
chicken_breast,9.368556701,7.2367,Combined Model
chicken_burrito,-1.111519608,5.43565,Combined Model
chicken_curry,13.826217,5.71878,Combined Model
chicken_enchilada,14.0039794,4.2696,Combined Model
chicken_noodle_soup,10.00900081,8.32079,Combined Model
chicken_nuggets,5.439135607,3.3751,Combined Model
chicken_thighs,7.227941176,-0.175476,Combined Model
chicken_wings,-0.415051546,10.1917,Combined Model
chickpeas,-10.81802912,-9.47611,Combined Model
chorizo,0.961076345,3.18385,Combined Model
churros,3.410804322,-3.63179,Combined Model
cinnamon_bun,-10.34116677,-1.72951,Combined Model
clam_chowder,11.89402174,7.96568,Combined Model
coconut_milk,-13.36916667,3.90948,Combined Model
cola,10.0359814,7.69188,Combined Model
corn,-1.269907963,-0.79681,Combined Model
corn_flakes,-5.710448057,-6.00923,Combined Model
crab_cake,-1.283953998,5.14257,Combined Model
cranberries,-1.019389439,-3.05386,Combined Model
cream_cheese,0.929924242,0.841469,Combined Model
crepe,3.269946809,5.60406,Combined Model
croissant,-2.931089744,-0.409792,Combined Model
cucumber,-2.718602826,-1.24437,Combined Model
dark_chocolate,-0.238953834,-6.1285,Combined Model
donut,-1.616365777,-0.0973812,Combined Model
duck,1.235643564,2.02551,Combined Model
dumpling,15.05721452,6.34312,Combined Model
egg_omelet,-6.947660587,3.98812,Combined Model
eggnog,7.809404911,5.70962,Combined Model
english_muffin,7.674516129,3.846,Combined Model
espresso,14.31578947,11.2069,Combined Model
fajita,16.78037904,8.29538,Combined Model
fig,-1.915127426,-2.88088,Combined Model
flax_seeds,-19.39078591,-9.12744,Combined Model
flaxseed_oil,-17.18852224,-12.8836,Combined Model
french_fries,8.98721253,4.73348,Combined Model
french_onion_soup,3.248003549,6.17605,Combined Model
french_toast,-4.166718864,1.81912,Combined Model
frozen_yogurt,5.974893617,4.90177,Combined Model
granola_bar,-5.305217391,-6.86896,Combined Model
grapes,-2.707810047,-3.22298,Combined Model
guacamole,11.43427835,3.69346,Combined Model
hamburger,12.47880691,6.40654,Combined Model
hazelnuts,-13.46299888,-10.2751,Combined Model
honey,-10.25346947,-0.487981,Combined Model
honeydew_melon,-1.660499734,0.353714,Combined Model
hummus,1.708187135,3.83803,Combined Model
ice_cream,4.433584457,5.1887,Combined Model
jam,-0.198605215,0.119305,Combined Model
kale,-0.850692785,-3.14868,Combined Model
kit_kat,3.273195876,-2.61113,Combined Model
kiwi_fruit,-5.972775498,-2.54836,Combined Model
lard,2.28064843,-13.7152,Combined Model
lasagna,8.725593395,6.05074,Combined Model
lemon_meringue_pie,2.832059492,-2.09588,Combined Model
lemonade,-1.81790344,2.69503,Combined Model
lettuce,-2.161165049,-0.0844298,Combined Model
lime,-2.270111386,2.3218,Combined Model
macaroni_cheese,6.619567415,2.61515,Combined Model
macaroon,-8.478729192,-1.13465,Combined Model
mango,-5.146015067,-4.07439,Combined Model
margarita,1.753801754,3.72736,Combined Model
marshmallow,-0.975648324,-3.27938,Combined Model
mashed_potatoes,-10.94458763,1.38944,Combined Model
mayonnaise,1.124712241,-11.272,Combined Model
milkshake,0.507849294,7.44326,Combined Model
mocha,14.12765957,7.01161,Combined Model
mousse,2.380850812,0.486061,Combined Model
mozzarella_cheese,0.949054149,2.08754,Combined Model
multigrain_bagel,-0.448760149,-0.656387,Combined Model
mussels,4.008241758,2.44056,Combined Model
naan,1.968957871,-1.63311,Combined Model
oatmeal,-2.521984457,3.6508,Combined Model
oatmeal_raisin_cookie,-4.972375138,-5.34153,Combined Model
okra,6.631790269,0.711568,Combined Model
olives,-10.61941806,-5.89428,Combined Model
onion_rings,-0.766395879,-3.00302,Combined Model
orange,-4.264117297,0.637286,Combined Model
oysters,5.908635795,2.08347,Combined Model
pad_thai,3.432132384,6.08288,Combined Model
pancakes,7.108445678,1.75332,Combined Model
peach,-5.681593026,-0.683925,Combined Model
peanut_butter,3.651934266,-6.65896,Combined Model
peanut_butter_cookie,-1.173076923,-3.87551,Combined Model
pear,-2.105769231,-2.23289,Combined Model
pecan_pie,4.823184153,-3.80011,Combined Model
pepperoni,-3.445017906,1.24527,Combined Model
pepperoni_pizza,6.200780703,2.54151,Combined Model
pineapple,-4.368139489,-3.39176,Combined Model
pita_bread,-1.912617221,-0.496222,Combined Model
plain_yogurt,4.120486656,2.27284,Combined Model
pomegranate,-4.636679293,-4.87271,Combined Model
popcorn,-2.339300162,-5.58656,Combined Model
pork_chop,13.75637245,4.66187,Combined Model
pork_loin,20.68282828,8.83293,Combined Model
pork_spareribs,12.65163485,3.07909,Combined Model
potato_gnocchi,-0.867320261,2.46969,Combined Model
quiche,3.191145281,2.27007,Combined Model
quinoa,-9.104605263,-7.0859,Combined Model
raisins,-7.791666667,-8.26579,Combined Model
ramen_noodle_soup,-7.672965116,-5.63978,Combined Model
ravioli,0.87696073,4.0456,Combined Model
rice_pudding,1.779402483,0.154922,Combined Model
roasted_almonds,-12.67902429,-3.15717,Combined Model
roasted_lamb,8.445544554,4.78175,Combined Model
roasted_peanuts,-9.377209596,-3.32939,Combined Model
roasted_turkey,4.216988015,7.44357,Combined Model
scone,1.043678161,0.967243,Combined Model
scrambled_eggs,-1.58545712,6.38442,Combined Model
seaweed,-0.128735357,-4.96634,Combined Model
shortbread_cookie,-7.09279545,-9.09835,Combined Model
skittles,6.450326797,-1.17173,Combined Model
smoked_ham,12.42495955,6.64569,Combined Model
smoked_salmon,4.817556634,9.02462,Combined Model
smores,-4.327380952,-0.399737,Combined Model
soft_pretzels,0.923258427,1.83685,Combined Model
sorbet,15.47115385,-1.65902,Combined Model
sour_cream,7.914421904,3.86804,Combined Model
soy_milk,2.807482993,6.67216,Combined Model
spaghetti,4.637490087,3.92879,Combined Model
sponge_cake,-7.51375,-2.9278,Combined Model
strawberries,-3.760596546,-2.30056,Combined Model
sushi,-0.69040775,8.07641,Combined Model
tea,12.68541688,5.91455,Combined Model
tiramisu,3.881532718,1.6893,Combined Model
tomatoes,-3.342817896,-0.871123,Combined Model
trout,-1.961174242,6.30026,Combined Model
vegetable_broth,3.225317209,6.14374,Combined Model
waffle,10.55929487,2.35456,Combined Model
walnuts,-17.76,-15.9359,Combined Model
wasabi_peas,-10.31206788,-8.86306,Combined Model
watermelon,-5.769034537,0.821376,Combined Model
whipped_cream,-4.964018597,1.49875,Combined Model
