food_name,actual_difference,predicted_difference,model
aloe_vera_juice,-2.142857143,-6.30226,Vector Representation Model
anchovy,-15.96561503,-3.44029,Vector Representation Model
apple,-11.93596758,-8.87241,Vector Representation Model
apple_cider,9.262886598,-6.95945,Vector Representation Model
apricot,-7.64087387,-8.54935,Vector Representation Model
artichoke,0.598761103,-5.39648,Vector Representation Model
asparagus,-2.874286342,-2.73235,Vector Representation Model
avocado,-12.2485309,-13.3112,Vector Representation Model
bacon,-9.612063623,-7.56375,Vector Representation Model
baked_beans,-0.466476913,1.11812,Vector Representation Model
baked_sweet_potato,-0.227387729,-7.66084,Vector Representation Model
banana,-11.26818642,-7.65008,Vector Representation Model
beef_jerky,-23.91663149,-6.45965,Vector Representation Model
beef_shortribs,-24.99019608,-2.92856,Vector Representation Model
beef_sirloin,-7.688405797,-7.72112,Vector Representation Model
beer,13.70145631,8.43533,Vector Representation Model
beets,-9.857889237,-6.37886,Vector Representation Model
biscotti,-14.70653595,-3.29546,Vector Representation Model
blueberries,-11.74832827,-10.6483,Vector Representation Model
bran_flakes,-14.67365967,-6.2065,Vector Representation Model
brandy,14.68915953,-5.5426,Vector Representation Model
broccoli,-6.052887538,-4.44209,Vector Representation Model
brown_sugar,-18.48202341,-14.6582,Vector Representation Model
brussels_sprouts,-6.485753482,-4.04855,Vector Representation Model
caesar_salad,-12.46129686,-2.97333,Vector Representation Model
cantaloupe,-2.337261504,-7.26626,Vector Representation Model
cappuccino,14.83265139,5.24639,Vector Representation Model
carrot_cake,-29.08549953,-7.03967,Vector Representation Model
carrots,-9.90881459,-10.6304,Vector Representation Model
cashew_nuts,-32.35047477,-7.75508,Vector Representation Model
cauliflower,-7.766335815,-6.50718,Vector Representation Model
celery,-8.777887571,-12.078,Vector Representation Model
cereal,-15.3572609,-10.2018,Vector Representation Model
cheddar_cheese,-14.36593679,-10.5787,Vector Representation Model
cheerios,5.011283043,-9.11856,Vector Representation Model
cheeseburger,11.40303951,-0.229385,Vector Representation Model
cheesecake,-12.9599018,-5.13762,Vector Representation Model
cherries,-9.193548387,-12.6754,Vector Representation Model
chewing_gum,7.707161125,-8.79529,Vector Representation Model
chicken_breast,1.810138249,-8.25369,Vector Representation Model
chicken_burrito,3.228264209,-6.04087,Vector Representation Model
chicken_curry,15.54617331,-1.29354,Vector Representation Model
chicken_enchilada,-0.76969697,-10.0584,Vector Representation Model
chicken_noodle_soup,-0.41408308,-0.979765,Vector Representation Model
chicken_nuggets,6.55400982,-2.32901,Vector Representation Model
chicken_thighs,-14.44559271,-7.92497,Vector Representation Model
chicken_wings,-1.820466059,-0.644904,Vector Representation Model
chickpeas,-15.10982357,-13.2613,Vector Representation Model
chorizo,-8.226478495,-3.11164,Vector Representation Model
churros,5.729083133,-5.99384,Vector Representation Model
cinnamon_bun,-13.39795918,-3.67407,Vector Representation Model
clam_chowder,5.792682927,-2.55257,Vector Representation Model
coconut_milk,-21.80676787,-7.51044,Vector Representation Model
cola,18.44815121,-0.19287,Vector Representation Model
corn,-9.158156028,-9.40223,Vector Representation Model
corn_flakes,-12.28621113,-8.34498,Vector Representation Model
crab_cake,-0.802663734,-5.26054,Vector Representation Model
cranberries,-7.430721966,-14.8518,Vector Representation Model
cream_cheese,-20.35720131,-11.4614,Vector Representation Model
crepe,-12.74122074,-0.442832,Vector Representation Model
croissant,-6.463323752,-2.03478,Vector Representation Model
cucumber,-3.301996928,-5.13807,Vector Representation Model
dark_chocolate,-16.0077001,-11.5866,Vector Representation Model
donut,-6.794224924,-3.13557,Vector Representation Model
duck,-19.58191018,-4.41429,Vector Representation Model
dumpling,3.034782609,-7.44981,Vector Representation Model
egg_omelet,-5.345592705,-8.5732,Vector Representation Model
eggnog,-3.052466151,-7.27427,Vector Representation Model
english_muffin,6.750674157,-5.46616,Vector Representation Model
espresso,17.1391162,4.04057,Vector Representation Model
fajita,-6.062103594,-3.83195,Vector Representation Model
fig,-10.20255688,-15.8215,Vector Representation Model
flax_seeds,-28.45744681,-16.8039,Vector Representation Model
flaxseed_oil,-27.53913043,-8.87803,Vector Representation Model
french_fries,10.4189463,-1.89921,Vector Representation Model
french_onion_soup,-13.31715809,2.1101,Vector Representation Model
french_toast,-1.38086104,-3.23851,Vector Representation Model
frozen_yogurt,-5.564052288,-4.0964,Vector Representation Model
granola_bar,-18.78028658,-10.6515,Vector Representation Model
grapes,-10.22826748,-6.83767,Vector Representation Model
guacamole,-8.223232323,-5.28345,Vector Representation Model
hamburger,12.30597771,0.911088,Vector Representation Model
hazelnuts,-30.78296703,-14.9556,Vector Representation Model
honey,-16.12221867,-14.3167,Vector Representation Model
honeydew_melon,-8.682692308,-7.72882,Vector Representation Model
hummus,0.504600377,-2.97053,Vector Representation Model
ice_cream,5.19210311,-3.58887,Vector Representation Model
jam,-13.81697996,-9.19933,Vector Representation Model
kale,3.908199857,-3.3598,Vector Representation Model
kit_kat,0.67205401,-8.92619,Vector Representation Model
kiwi_fruit,-11.07943262,-2.86574,Vector Representation Model
lard,-16.25287356,-5.61635,Vector Representation Model
lasagna,3.067341458,-0.743071,Vector Representation Model
lemon_meringue_pie,-6.988420087,-5.05428,Vector Representation Model
lemonade,-18.06093782,4.93618,Vector Representation Model
lettuce,-2.06090947,-2.68345,Vector Representation Model
lime,3.938196555,-9.19353,Vector Representation Model
macaroni_cheese,15.00278868,-7.23775,Vector Representation Model
macaroon,-18.71351006,-10.362,Vector Representation Model
mango,-8.750455927,-7.70881,Vector Representation Model
margarita,-6.858764045,4.16958,Vector Representation Model
marshmallow,-8.795555087,-12.2326,Vector Representation Model
mashed_potatoes,-4.718946302,-5.59704,Vector Representation Model
mayonnaise,-10.47772657,-6.66393,Vector Representation Model
milkshake,-7.103840246,-0.0331764,Vector Representation Model
mocha,3.691664489,0.831181,Vector Representation Model
mousse,-1.166268229,-10.8146,Vector Representation Model
mozzarella_cheese,-12.6596722,-9.69114,Vector Representation Model
multigrain_bagel,-1.501538462,-8.38829,Vector Representation Model
mussels,6.64137931,0.532835,Vector Representation Model
naan,-2.125092661,-4.22087,Vector Representation Model
oatmeal,6.615384615,-7.03156,Vector Representation Model
oatmeal_raisin_cookie,-22.37213584,-9.33612,Vector Representation Model
okra,12.17474371,-7.83689,Vector Representation Model
olives,-15.35744147,-9.51967,Vector Representation Model
onion_rings,-16.26554431,1.17504,Vector Representation Model
orange,-8.90952381,-5.90175,Vector Representation Model
oysters,7.523347483,-1.8571,Vector Representation Model
pad_thai,-3.063090418,1.13757,Vector Representation Model
pancakes,2.302836879,-6.06712,Vector Representation Model
peach,-8.307692308,-6.93256,Vector Representation Model
peanut_butter,-12.69454014,-10.4569,Vector Representation Model
peanut_butter_cookie,-2.079432624,-11.729,Vector Representation Model
pear,-5.877171216,-8.40536,Vector Representation Model
pecan_pie,-12.36387067,-10.3102,Vector Representation Model
pepperoni,-27.2279357,-3.42675,Vector Representation Model
pepperoni_pizza,-0.416770186,1.41995,Vector Representation Model
pineapple,-9.437551696,-10.6333,Vector Representation Model
pita_bread,-0.989574468,-5.90558,Vector Representation Model
plain_yogurt,-6.714897171,-8.80893,Vector Representation Model
pomegranate,-11.95703297,-10.4715,Vector Representation Model
popcorn,-12.88878648,-2.90979,Vector Representation Model
pork_chop,-11.24677264,-3.79389,Vector Representation Model
pork_loin,4.463328942,-2.94199,Vector Representation Model
pork_spareribs,-10.45615774,-6.67773,Vector Representation Model
potato_gnocchi,-2.831229547,-7.18822,Vector Representation Model
quiche,-10.99630542,-1.03577,Vector Representation Model
quinoa,-9.835644274,-12.0281,Vector Representation Model
raisins,-23.60695187,-16.1193,Vector Representation Model
ramen_noodle_soup,-25.95516484,-3.17182,Vector Representation Model
ravioli,1.257425743,-1.95038,Vector Representation Model
rice_pudding,-5.415053763,-8.96856,Vector Representation Model
roasted_almonds,-18.12999042,-10.5741,Vector Representation Model
roasted_lamb,-9.104936996,-3.95129,Vector Representation Model
roasted_peanuts,-26.90322581,-12.353,Vector Representation Model
roasted_turkey,1.723908918,-6.3614,Vector Representation Model
scone,-5.065628476,-4.38112,Vector Representation Model
scrambled_eggs,-5.384599797,-2.78713,Vector Representation Model
seaweed,9.039442884,-8.226,Vector Representation Model
shortbread_cookie,-9.493333333,-13.1171,Vector Representation Model
skittles,-4.731286419,-2.98597,Vector Representation Model
smoked_ham,6.667908903,-9.12555,Vector Representation Model
smoked_salmon,-0.582029171,-2.91596,Vector Representation Model
smores,-9.989772727,-3.71291,Vector Representation Model
soft_pretzels,1.019130435,-7.25549,Vector Representation Model
sorbet,11.05208333,-4.05358,Vector Representation Model
sour_cream,-19.16384439,-11.2552,Vector Representation Model
soy_milk,2.7699096,-1.17246,Vector Representation Model
spaghetti,10.37142857,-5.02562,Vector Representation Model
sponge_cake,-19.05748962,-9.00397,Vector Representation Model
strawberries,-2.197849462,-8.05716,Vector Representation Model
sushi,14.2503615,3.41124,Vector Representation Model
tea,2.161904762,-1.16874,Vector Representation Model
tiramisu,1.920047309,-7.67577,Vector Representation Model
tomatoes,-4.617730496,-6.30003,Vector Representation Model
trout,-8.955519518,-6.27391,Vector Representation Model
vegetable_broth,9.276501035,-9.11447,Vector Representation Model
waffle,-4.978413551,-5.79978,Vector Representation Model
walnuts,-35.21099744,-16.1235,Vector Representation Model
wasabi_peas,-20.0680512,-10.5061,Vector Representation Model
watermelon,-3.185511651,-7.63392,Vector Representation Model
whipped_cream,-7.480798771,-6.98714,Vector Representation Model
aloe_vera_juice,-2.142857143,-3.30932,Nutrient Model
anchovy,-15.96561503,-22.8705,Nutrient Model
apple,-11.93596758,-3.16686,Nutrient Model
apple_cider,9.262886598,-3.78114,Nutrient Model
apricot,-7.64087387,-3.29979,Nutrient Model
artichoke,0.598761103,0.881747,Nutrient Model
asparagus,-2.874286342,1.12423,Nutrient Model
avocado,-12.2485309,-4.77499,Nutrient Model
bacon,-9.612063623,-17.5646,Nutrient Model
baked_beans,-0.466476913,-2.56412,Nutrient Model
baked_sweet_potato,-0.227387729,-2.65684,Nutrient Model
banana,-11.26818642,-3.27676,Nutrient Model
beef_jerky,-23.91663149,-19.8474,Nutrient Model
beef_shortribs,-24.99019608,-13.1684,Nutrient Model
beef_sirloin,-7.688405797,-3.05527,Nutrient Model
beer,13.70145631,1.14557,Nutrient Model
beets,-9.857889237,-3.15017,Nutrient Model
biscotti,-14.70653595,-10.7926,Nutrient Model
blueberries,-11.74832827,-3.18901,Nutrient Model
bran_flakes,-14.67365967,-1.25901,Nutrient Model
brandy,14.68915953,1.61719,Nutrient Model
broccoli,-6.052887538,0.96123,Nutrient Model
brown_sugar,-18.48202341,-13.2997,Nutrient Model
brussels_sprouts,-6.485753482,0.959966,Nutrient Model
caesar_salad,-12.46129686,-3.05853,Nutrient Model
cantaloupe,-2.337261504,-3.31193,Nutrient Model
cappuccino,14.83265139,0.469941,Nutrient Model
carrot_cake,-29.08549953,-16.8961,Nutrient Model
carrots,-9.90881459,0.746341,Nutrient Model
cashew_nuts,-32.35047477,-16.8029,Nutrient Model
cauliflower,-7.766335815,1.3153,Nutrient Model
celery,-8.777887571,0.947917,Nutrient Model
cereal,-15.3572609,-7.42371,Nutrient Model
cheddar_cheese,-14.36593679,-1.89022,Nutrient Model
cheerios,5.011283043,-4.65533,Nutrient Model
cheeseburger,11.40303951,-5.51222,Nutrient Model
cheesecake,-12.9599018,-12.4625,Nutrient Model
cherries,-9.193548387,-3.49122,Nutrient Model
chewing_gum,7.707161125,-3.91799,Nutrient Model
chicken_breast,1.810138249,-5.59651,Nutrient Model
chicken_burrito,3.228264209,-5.26374,Nutrient Model
chicken_curry,15.54617331,-3.61232,Nutrient Model
chicken_enchilada,-0.76969697,-2.22099,Nutrient Model
chicken_noodle_soup,-0.41408308,2.48126,Nutrient Model
chicken_nuggets,6.55400982,-8.59353,Nutrient Model
chicken_thighs,-14.44559271,-8.19112,Nutrient Model
chicken_wings,-1.820466059,-4.12083,Nutrient Model
chickpeas,-15.10982357,-6.4373,Nutrient Model
chorizo,-8.226478495,-13.3954,Nutrient Model
churros,5.729083133,-18.4423,Nutrient Model
cinnamon_bun,-13.39795918,-15.1809,Nutrient Model
clam_chowder,5.792682927,2.1255,Nutrient Model
coconut_milk,-21.80676787,-1.15674,Nutrient Model
cola,18.44815121,-4.05597,Nutrient Model
corn,-9.158156028,-3.13058,Nutrient Model
corn_flakes,-12.28621113,0.283673,Nutrient Model
crab_cake,-0.802663734,-5.88889,Nutrient Model
cranberries,-7.430721966,1.31778,Nutrient Model
cream_cheese,-20.35720131,-6.61358,Nutrient Model
crepe,-12.74122074,-2.20985,Nutrient Model
croissant,-6.463323752,-8.78639,Nutrient Model
cucumber,-3.301996928,1.2949,Nutrient Model
dark_chocolate,-16.0077001,-19.4991,Nutrient Model
donut,-6.794224924,-14.2462,Nutrient Model
duck,-19.58191018,-12.1657,Nutrient Model
dumpling,3.034782609,-1.48057,Nutrient Model
egg_omelet,-5.345592705,-8.85815,Nutrient Model
eggnog,-3.052466151,-6.09877,Nutrient Model
english_muffin,6.750674157,2.70183,Nutrient Model
espresso,17.1391162,1.13475,Nutrient Model
fajita,-6.062103594,-1.51713,Nutrient Model
fig,-10.20255688,-3.6346,Nutrient Model
flax_seeds,-28.45744681,-15.3582,Nutrient Model
flaxseed_oil,-27.53913043,-37.8562,Nutrient Model
french_fries,10.4189463,-1.49481,Nutrient Model
french_onion_soup,-13.31715809,-1.65649,Nutrient Model
french_toast,-1.38086104,-6.98696,Nutrient Model
frozen_yogurt,-5.564052288,-4.94934,Nutrient Model
granola_bar,-18.78028658,-16.9487,Nutrient Model
grapes,-10.22826748,-3.64741,Nutrient Model
guacamole,-8.223232323,-2.49952,Nutrient Model
hamburger,12.30597771,-3.38395,Nutrient Model
hazelnuts,-30.78296703,-22.2829,Nutrient Model
honey,-16.12221867,-13.0716,Nutrient Model
honeydew_melon,-8.682692308,-2.93791,Nutrient Model
hummus,0.504600377,-1.35444,Nutrient Model
ice_cream,5.19210311,-9.28809,Nutrient Model
jam,-13.81697996,-10.0176,Nutrient Model
kale,3.908199857,0.903954,Nutrient Model
kit_kat,0.67205401,-19.2085,Nutrient Model
kiwi_fruit,-11.07943262,-3.21176,Nutrient Model
lard,-16.25287356,-31.5818,Nutrient Model
lasagna,3.067341458,-1.27829,Nutrient Model
lemon_meringue_pie,-6.988420087,-10.4752,Nutrient Model
lemonade,-18.06093782,-9.70387,Nutrient Model
lettuce,-2.06090947,1.33098,Nutrient Model
lime,3.938196555,1.19912,Nutrient Model
macaroni_cheese,15.00278868,2.61848,Nutrient Model
macaroon,-18.71351006,-12.8432,Nutrient Model
mango,-8.750455927,-3.70872,Nutrient Model
margarita,-6.858764045,-1.51943,Nutrient Model
marshmallow,-8.795555087,-11.549,Nutrient Model
mashed_potatoes,-4.718946302,2.6804,Nutrient Model
mayonnaise,-10.47772657,-24.5874,Nutrient Model
milkshake,-7.103840246,-7.05853,Nutrient Model
mocha,3.691664489,-3.94028,Nutrient Model
mousse,-1.166268229,-8.62532,Nutrient Model
mozzarella_cheese,-12.6596722,-5.66357,Nutrient Model
multigrain_bagel,-1.501538462,-2.6772,Nutrient Model
mussels,6.64137931,1.36132,Nutrient Model
naan,-2.125092661,-0.666175,Nutrient Model
oatmeal,6.615384615,3.14457,Nutrient Model
oatmeal_raisin_cookie,-22.37213584,-14.8729,Nutrient Model
okra,12.17474371,1.03351,Nutrient Model
olives,-15.35744147,-0.256226,Nutrient Model
onion_rings,-16.26554431,-13.0525,Nutrient Model
orange,-8.90952381,-3.15513,Nutrient Model
oysters,7.523347483,-0.0870272,Nutrient Model
pad_thai,-3.063090418,-2.55114,Nutrient Model
pancakes,2.302836879,-5.27605,Nutrient Model
peach,-8.307692308,-3.0927,Nutrient Model
peanut_butter,-12.69454014,-25.5662,Nutrient Model
peanut_butter_cookie,-2.079432624,-20.2403,Nutrient Model
pear,-5.877171216,-3.26743,Nutrient Model
pecan_pie,-12.36387067,-13.4091,Nutrient Model
pepperoni,-27.2279357,-17.3465,Nutrient Model
pepperoni_pizza,-0.416770186,-2.17516,Nutrient Model
pineapple,-9.437551696,-3.24993,Nutrient Model
pita_bread,-0.989574468,0.0938518,Nutrient Model
plain_yogurt,-6.714897171,-3.63944,Nutrient Model
pomegranate,-11.95703297,-3.97544,Nutrient Model
popcorn,-12.88878648,-11.3436,Nutrient Model
pork_chop,-11.24677264,-7.76122,Nutrient Model
pork_loin,4.463328942,-5.26082,Nutrient Model
pork_spareribs,-10.45615774,-11.9806,Nutrient Model
potato_gnocchi,-2.831229547,0.0347513,Nutrient Model
quiche,-10.99630542,-8.12389,Nutrient Model
quinoa,-9.835644274,-1.06011,Nutrient Model
raisins,-23.60695187,-10.2233,Nutrient Model
ramen_noodle_soup,-25.95516484,-8.02234,Nutrient Model
ravioli,1.257425743,-0.833873,Nutrient Model
rice_pudding,-5.415053763,-4.42767,Nutrient Model
roasted_almonds,-18.12999042,-21.1678,Nutrient Model
roasted_lamb,-9.104936996,-6.81053,Nutrient Model
roasted_peanuts,-26.90322581,-18.2877,Nutrient Model
roasted_turkey,1.723908918,-5.28766,Nutrient Model
scone,-5.065628476,-1.03508,Nutrient Model
scrambled_eggs,-5.384599797,-4.09473,Nutrient Model
seaweed,9.039442884,0.665133,Nutrient Model
shortbread_cookie,-9.493333333,-13.7768,Nutrient Model
skittles,-4.731286419,-15.9515,Nutrient Model
smoked_ham,6.667908903,-5.00846,Nutrient Model
smoked_salmon,-0.582029171,-0.0662322,Nutrient Model
smores,-9.989772727,-15.366,Nutrient Model
soft_pretzels,1.019130435,0.981,Nutrient Model
sorbet,11.05208333,-4.35148,Nutrient Model
sour_cream,-19.16384439,-4.59313,Nutrient Model
soy_milk,2.7699096,0.287685,Nutrient Model
spaghetti,10.37142857,2.77291,Nutrient Model
sponge_cake,-19.05748962,-15.8295,Nutrient Model
strawberries,-2.197849462,0.902616,Nutrient Model
sushi,14.2503615,1.5734,Nutrient Model
tea,2.161904762,1.31468,Nutrient Model
tiramisu,1.920047309,-12.205,Nutrient Model
tomatoes,-4.617730496,0.90373,Nutrient Model
trout,-8.955519518,-3.58605,Nutrient Model
vegetable_broth,9.276501035,2.31116,Nutrient Model
waffle,-4.978413551,-8.38327,Nutrient Model
walnuts,-35.21099744,-22.4227,Nutrient Model
wasabi_peas,-20.0680512,-4.96771,Nutrient Model
watermelon,-3.185511651,-3.11031,Nutrient Model
whipped_cream,-7.480798771,-12.5126,Nutrient Model
aloe_vera_juice,-2.142857143,-3.21445,Combined Model
anchovy,-15.96561503,-21.7839,Combined Model
apple,-11.93596758,-4.02597,Combined Model
apple_cider,9.262886598,-4.55797,Combined Model
apricot,-7.64087387,-6.12389,Combined Model
artichoke,0.598761103,-1.35403,Combined Model
asparagus,-2.874286342,-2.33264,Combined Model
avocado,-12.2485309,-13.475,Combined Model
bacon,-9.612063623,-16.083,Combined Model
baked_beans,-0.466476913,3.7108,Combined Model
baked_sweet_potato,-0.227387729,-3.4751,Combined Model
banana,-11.26818642,-5.90676,Combined Model
beef_jerky,-23.91663149,-17.6944,Combined Model
beef_shortribs,-24.99019608,-14.1728,Combined Model
beef_sirloin,-7.688405797,-2.24582,Combined Model
beer,13.70145631,10.6305,Combined Model
beets,-9.857889237,-9.30233,Combined Model
biscotti,-14.70653595,-6.73473,Combined Model
blueberries,-11.74832827,-10.207,Combined Model
bran_flakes,-14.67365967,-3.9071,Combined Model
brandy,14.68915953,3.69926,Combined Model
broccoli,-6.052887538,-0.873763,Combined Model
brown_sugar,-18.48202341,-18.9922,Combined Model
brussels_sprouts,-6.485753482,0.237159,Combined Model
caesar_salad,-12.46129686,-1.44095,Combined Model
cantaloupe,-2.337261504,-4.9983,Combined Model
cappuccino,14.83265139,13.3111,Combined Model
carrot_cake,-29.08549953,-16.1106,Combined Model
carrots,-9.90881459,-2.5373,Combined Model
cashew_nuts,-32.35047477,-22.904,Combined Model
cauliflower,-7.766335815,-4.26025,Combined Model
celery,-8.777887571,-5.49939,Combined Model
cereal,-15.3572609,-11.003,Combined Model
cheddar_cheese,-14.36593679,-11.3051,Combined Model
cheerios,5.011283043,-4.36983,Combined Model
cheeseburger,11.40303951,0.735215,Combined Model
cheesecake,-12.9599018,-10.5162,Combined Model
cherries,-9.193548387,-9.61198,Combined Model
chewing_gum,7.707161125,0.216517,Combined Model
chicken_breast,1.810138249,-4.22889,Combined Model
chicken_burrito,3.228264209,-4.42812,Combined Model
chicken_curry,15.54617331,1.12448,Combined Model
chicken_enchilada,-0.76969697,-4.50775,Combined Model
chicken_noodle_soup,-0.41408308,6.10679,Combined Model
chicken_nuggets,6.55400982,-3.15275,Combined Model
chicken_thighs,-14.44559271,-11.777,Combined Model
chicken_wings,-1.820466059,0.0285565,Combined Model
chickpeas,-15.10982357,-17.5607,Combined Model
chorizo,-8.226478495,-13.9987,Combined Model
churros,5.729083133,-18.9278,Combined Model
cinnamon_bun,-13.39795918,-14.6133,Combined Model
clam_chowder,5.792682927,4.03395,Combined Model
coconut_milk,-21.80676787,-4.95062,Combined Model
cola,18.44815121,6.3319,Combined Model
corn,-9.158156028,-4.26069,Combined Model
corn_flakes,-12.28621113,-4.43745,Combined Model
crab_cake,-0.802663734,-4.32924,Combined Model
cranberries,-7.430721966,-7.6516,Combined Model
cream_cheese,-20.35720131,-11.0536,Combined Model
crepe,-12.74122074,2.07585,Combined Model
croissant,-6.463323752,-7.11571,Combined Model
cucumber,-3.301996928,-4.61945,Combined Model
dark_chocolate,-16.0077001,-22.2007,Combined Model
donut,-6.794224924,-9.53049,Combined Model
duck,-19.58191018,-10.2795,Combined Model
dumpling,3.034782609,-0.724834,Combined Model
egg_omelet,-5.345592705,-9.62996,Combined Model
eggnog,-3.052466151,-2.25897,Combined Model
english_muffin,6.750674157,7.30434,Combined Model
espresso,17.1391162,11.6533,Combined Model
fajita,-6.062103594,0.849384,Combined Model
fig,-10.20255688,-7.51505,Combined Model
flax_seeds,-28.45744681,-20.5029,Combined Model
flaxseed_oil,-27.53913043,-30.3316,Combined Model
french_fries,10.4189463,7.12268,Combined Model
french_onion_soup,-13.31715809,2.04105,Combined Model
french_toast,-1.38086104,-3.63614,Combined Model
frozen_yogurt,-5.564052288,1.70599,Combined Model
granola_bar,-18.78028658,-18.637,Combined Model
grapes,-10.22826748,-7.66616,Combined Model
guacamole,-8.223232323,-2.09765,Combined Model
hamburger,12.30597771,2.44847,Combined Model
hazelnuts,-30.78296703,-24.6023,Combined Model
honey,-16.12221867,-17.0095,Combined Model
honeydew_melon,-8.682692308,-3.42142,Combined Model
hummus,0.504600377,-1.01978,Combined Model
ice_cream,5.19210311,-2.5749,Combined Model
jam,-13.81697996,-8.03309,Combined Model
kale,3.908199857,-3.20906,Combined Model
kit_kat,0.67205401,-19.9866,Combined Model
kiwi_fruit,-11.07943262,-3.42205,Combined Model
lard,-16.25287356,-23.0163,Combined Model
lasagna,3.067341458,1.8753,Combined Model
lemon_meringue_pie,-6.988420087,-9.24637,Combined Model
lemonade,-18.06093782,-2.33048,Combined Model
lettuce,-2.06090947,-2.62556,Combined Model
lime,3.938196555,-2.59795,Combined Model
macaroni_cheese,15.00278868,3.22085,Combined Model
macaroon,-18.71351006,-15.4194,Combined Model
mango,-8.750455927,-8.79647,Combined Model
margarita,-6.858764045,5.27333,Combined Model
marshmallow,-8.795555087,-8.11049,Combined Model
mashed_potatoes,-4.718946302,1.91737,Combined Model
mayonnaise,-10.47772657,-26.5761,Combined Model
milkshake,-7.103840246,2.0484,Combined Model
mocha,3.691664489,5.66774,Combined Model
mousse,-1.166268229,-8.77978,Combined Model
mozzarella_cheese,-12.6596722,-10.468,Combined Model
multigrain_bagel,-1.501538462,-3.59513,Combined Model
mussels,6.64137931,2.01906,Combined Model
naan,-2.125092661,-3.53046,Combined Model
oatmeal,6.615384615,2.11623,Combined Model
oatmeal_raisin_cookie,-22.37213584,-17.1309,Combined Model
okra,12.17474371,-0.158085,Combined Model
olives,-15.35744147,-11.8855,Combined Model
onion_rings,-16.26554431,-8.07483,Combined Model
orange,-8.90952381,-2.98042,Combined Model
oysters,7.523347483,3.7788,Combined Model
pad_thai,-3.063090418,0.625078,Combined Model
pancakes,2.302836879,-2.12606,Combined Model
peach,-8.307692308,-5.57862,Combined Model
peanut_butter,-12.69454014,-20.2589,Combined Model
peanut_butter_cookie,-2.079432624,-20.0713,Combined Model
pear,-5.877171216,-8.37446,Combined Model
pecan_pie,-12.36387067,-13.4268,Combined Model
pepperoni,-27.2279357,-15.2279,Combined Model
pepperoni_pizza,-0.416770186,3.44956,Combined Model
pineapple,-9.437551696,-7.37935,Combined Model
pita_bread,-0.989574468,0.722663,Combined Model
plain_yogurt,-6.714897171,-2.99731,Combined Model
pomegranate,-11.95703297,-9.49617,Combined Model
popcorn,-12.88878648,-12.5326,Combined Model
pork_chop,-11.24677264,-10.8969,Combined Model
pork_loin,4.463328942,-0.173344,Combined Model
pork_spareribs,-10.45615774,-13.5886,Combined Model
potato_gnocchi,-2.831229547,-1.75337,Combined Model
quiche,-10.99630542,-7.02417,Combined Model
quinoa,-9.835644274,-7.92837,Combined Model
raisins,-23.60695187,-15.3822,Combined Model
ramen_noodle_soup,-25.95516484,-13.8369,Combined Model
ravioli,1.257425743,0.0792033,Combined Model
rice_pudding,-5.415053763,-2.21722,Combined Model
roasted_almonds,-18.12999042,-20.0959,Combined Model
roasted_lamb,-9.104936996,-8.61518,Combined Model
roasted_peanuts,-26.90322581,-20.1955,Combined Model
roasted_turkey,1.723908918,-3.36774,Combined Model
scone,-5.065628476,-3.62309,Combined Model
scrambled_eggs,-5.384599797,-0.844265,Combined Model
seaweed,9.039442884,-6.60319,Combined Model
shortbread_cookie,-9.493333333,-18.0682,Combined Model
skittles,-4.731286419,-11.7229,Combined Model
smoked_ham,6.667908903,-4.74455,Combined Model
smoked_salmon,-0.582029171,1.64456,Combined Model
smores,-9.989772727,-15.0101,Combined Model
soft_pretzels,1.019130435,2.08245,Combined Model
sorbet,11.05208333,-2.76439,Combined Model
sour_cream,-19.16384439,-6.55624,Combined Model
soy_milk,2.7699096,5.82548,Combined Model
spaghetti,10.37142857,3.00078,Combined Model
sponge_cake,-19.05748962,-13.4366,Combined Model
strawberries,-2.197849462,-4.73082,Combined Model
sushi,14.2503615,6.04269,Combined Model
tea,2.161904762,4.05722,Combined Model
tiramisu,1.920047309,-9.99917,Combined Model
tomatoes,-4.617730496,-3.30502,Combined Model
trout,-8.955519518,1.52967,Combined Model
vegetable_broth,9.276501035,-0.603099,Combined Model
waffle,-4.978413551,-6.24896,Combined Model
walnuts,-35.21099744,-28.5544,Combined Model
wasabi_peas,-20.0680512,-11.0043,Combined Model
watermelon,-3.185511651,-4.58457,Combined Model
whipped_cream,-7.480798771,-13.8502,Combined Model
