food_name,actual_difference,predicted_difference,model
aloe_vera_juice,-16.92702128,-12.0233,Vector Representation Model
anchovy,-46.4030414,-13.9313,Vector Representation Model
apple,-10.24980392,-2.7244,Vector Representation Model
apple_cider,29.77265306,5.59054,Vector Representation Model
apricot,-13,-2.95266,Vector Representation Model
artichoke,17.54682583,-5.00788,Vector Representation Model
asparagus,3.522178218,-2.14616,Vector Representation Model
avocado,-23.98534653,-23.0201,Vector Representation Model
bacon,-12.12811881,-9.90424,Vector Representation Model
baked_beans,-1.03372549,16.2919,Vector Representation Model
baked_sweet_potato,-15.07828283,-9.83279,Vector Representation Model
banana,-8.005490196,-4.46,Vector Representation Model
beef_jerky,-31.29833333,-13.5735,Vector Representation Model
beef_shortribs,-35.86190476,-2.20956,Vector Representation Model
beef_sirloin,-6.503242956,-29.4751,Vector Representation Model
beer,51.5652921,36.5933,Vector Representation Model
beets,-5.587540279,-3.65386,Vector Representation Model
biscotti,11.02308802,4.81503,Vector Representation Model
blueberries,-15.66236624,-9.17052,Vector Representation Model
bran_flakes,-9.082626263,-11.4019,Vector Representation Model
brandy,45.25907258,10.2692,Vector Representation Model
broccoli,3.61254902,-7.38645,Vector Representation Model
brown_sugar,-5.912857143,-11.4286,Vector Representation Model
brussels_sprouts,5.667058824,0.696032,Vector Representation Model
caesar_salad,-24.04040404,0.0870097,Vector Representation Model
cantaloupe,-10.15696839,-3.3918,Vector Representation Model
cappuccino,44.90411765,23.9923,Vector Representation Model
carrot_cake,-26.62,-1.27631,Vector Representation Model
carrots,2.977843137,-20.1541,Vector Representation Model
cashew_nuts,-63.78940594,-13.0038,Vector Representation Model
cauliflower,5.407058824,-6.36219,Vector Representation Model
celery,4.507427213,-17.0212,Vector Representation Model
cereal,-11.9110101,-8.66358,Vector Representation Model
cheddar_cheese,-30.48431373,-13.2588,Vector Representation Model
cheerios,16.90543544,-5.9949,Vector Representation Model
cheeseburger,17.20294118,9.84257,Vector Representation Model
cheesecake,0.064158416,7.0061,Vector Representation Model
cherries,-10.27431373,-13.6348,Vector Representation Model
chewing_gum,13.61543268,-2.17366,Vector Representation Model
chicken_breast,-15.09254902,-21.6796,Vector Representation Model
chicken_burrito,-5.299732014,-3.20886,Vector Representation Model
chicken_curry,26.07,1.25627,Vector Representation Model
chicken_enchilada,6.646464646,-17.5708,Vector Representation Model
chicken_noodle_soup,14.96666667,9.67703,Vector Representation Model
chicken_nuggets,1.212715389,-0.787959,Vector Representation Model
chicken_thighs,-40.00764706,-17.5681,Vector Representation Model
chicken_wings,-5.605643564,10.7679,Vector Representation Model
chickpeas,-32.84010101,-14.9997,Vector Representation Model
chorizo,-25.35948129,-9.55693,Vector Representation Model
churros,-13.29393716,1.97295,Vector Representation Model
cinnamon_bun,-13.97979798,9.40843,Vector Representation Model
clam_chowder,36.96070175,5.16121,Vector Representation Model
coconut_milk,-53.21112981,-7.38727,Vector Representation Model
cola,52.6480198,11.7354,Vector Representation Model
corn,-0.620784314,-10.8471,Vector Representation Model
corn_flakes,-5.225643564,-3.97549,Vector Representation Model
crab_cake,-5.259143156,-2.52367,Vector Representation Model
cranberries,7.638235294,-17.2611,Vector Representation Model
cream_cheese,-18.7450495,-13.4969,Vector Representation Model
crepe,22.01030928,12.4208,Vector Representation Model
croissant,-0.56990099,5.53187,Vector Representation Model
cucumber,3.442941176,3.98084,Vector Representation Model
dark_chocolate,-54.78401664,-12.1616,Vector Representation Model
donut,4.808823529,15.4582,Vector Representation Model
duck,-21.19223159,0.0986586,Vector Representation Model
dumpling,30.02195424,-0.840152,Vector Representation Model
egg_omelet,-51.40070707,-9.48286,Vector Representation Model
eggnog,20.21020408,7.26762,Vector Representation Model
english_muffin,49.06060606,-4.05096,Vector Representation Model
espresso,41.51841949,21.611,Vector Representation Model
fajita,3.658421053,-1.86957,Vector Representation Model
fig,-9.869135283,-11.3118,Vector Representation Model
flax_seeds,-62.50753546,-34.9147,Vector Representation Model
flaxseed_oil,-63.18521062,-14.0023,Vector Representation Model
french_fries,34.03889675,-1.69059,Vector Representation Model
french_onion_soup,-8.372968819,7.04383,Vector Representation Model
french_toast,14.80020408,8.71049,Vector Representation Model
frozen_yogurt,12.66666667,2.15722,Vector Representation Model
granola_bar,-43.46,-10.1835,Vector Representation Model
grapes,-4.87254902,-1.93143,Vector Representation Model
guacamole,-18.77997449,-1.95527,Vector Representation Model
hamburger,28.59960784,8.5123,Vector Representation Model
hazelnuts,-45.44363636,-29.2483,Vector Representation Model
honey,-8.865121806,-14.2756,Vector Representation Model
honeydew_melon,-14.00802139,-16.634,Vector Representation Model
hummus,-17.60410225,7.65457,Vector Representation Model
ice_cream,9.698158051,14.8282,Vector Representation Model
jam,22.1010101,2.77669,Vector Representation Model
kale,5.792871287,-4.67785,Vector Representation Model
kit_kat,-7.576862745,-0.676625,Vector Representation Model
kiwi_fruit,-14.57514851,-1.79513,Vector Representation Model
lard,-0.975045464,0.34253,Vector Representation Model
lasagna,12.75396825,9.32616,Vector Representation Model
lemon_meringue_pie,6.805346535,9.37327,Vector Representation Model
lemonade,19.02,31.269,Vector Representation Model
lettuce,5.688823529,-1.28116,Vector Representation Model
lime,9.424950495,-4.01035,Vector Representation Model
macaroni_cheese,55.05470588,-12.0529,Vector Representation Model
macaroon,-1.682916667,-3.09481,Vector Representation Model
mango,-10.01742574,-3.97467,Vector Representation Model
margarita,39.14738475,14.3264,Vector Representation Model
marshmallow,29.43843137,-6.54115,Vector Representation Model
mashed_potatoes,30.49098039,0.646071,Vector Representation Model
mayonnaise,-22.68372549,-6.07467,Vector Representation Model
milkshake,22.67732673,11.277,Vector Representation Model
mocha,42.77208333,11.7018,Vector Representation Model
mousse,11.62693878,-7.70623,Vector Representation Model
mozzarella_cheese,-33.70346535,-7.84114,Vector Representation Model
multigrain_bagel,2.657070707,-6.33634,Vector Representation Model
mussels,7.776141384,-2.59981,Vector Representation Model
naan,17.19251221,5.03448,Vector Representation Model
oatmeal,5.825148515,-1.49169,Vector Representation Model
oatmeal_raisin_cookie,-36.16161616,-8.59154,Vector Representation Model
okra,21.08065234,-8.76597,Vector Representation Model
olives,-38.45824582,-15.0585,Vector Representation Model
onion_rings,-3.569494949,14.2543,Vector Representation Model
orange,-12.0590099,-0.382615,Vector Representation Model
oysters,18.71564518,-9.07999,Vector Representation Model
pad_thai,11.33140097,1.79041,Vector Representation Model
pancakes,22.21494949,3.14524,Vector Representation Model
peach,-10.58823529,5.76462,Vector Representation Model
peanut_butter,-28.65960784,-11.3724,Vector Representation Model
peanut_butter_cookie,-4.581158116,-2.04951,Vector Representation Model
pear,-14.37294118,-0.353594,Vector Representation Model
pecan_pie,4.100107527,2.13227,Vector Representation Model
pepperoni,-18.8327451,1.84546,Vector Representation Model
pepperoni_pizza,14.35431373,10.5334,Vector Representation Model
pineapple,-7.301960784,-15.8342,Vector Representation Model
pita_bread,21.60686869,-4.15114,Vector Representation Model
plain_yogurt,-9.678910891,-17.2769,Vector Representation Model
pomegranate,-6.717171717,-15.9847,Vector Representation Model
popcorn,-36.29509804,12.1658,Vector Representation Model
pork_chop,-42.93,3.0322,Vector Representation Model
pork_loin,-0.724695939,-6.34416,Vector Representation Model
pork_spareribs,-19.94816327,-11.2985,Vector Representation Model
potato_gnocchi,5.224747475,-14.283,Vector Representation Model
quiche,-18.43177683,2.54068,Vector Representation Model
quinoa,-11.67607469,-21.7103,Vector Representation Model
raisins,-18.53176471,-23.4062,Vector Representation Model
ramen_noodle_soup,-58.01536759,-2.83626,Vector Representation Model
ravioli,8.81,6.98882,Vector Representation Model
rice_pudding,26.78575074,-9.29907,Vector Representation Model
roasted_almonds,-39.18,-13.0616,Vector Representation Model
roasted_lamb,-34.03910391,-9.50916,Vector Representation Model
roasted_peanuts,-38.25505051,-19.7956,Vector Representation Model
roasted_turkey,-15.65276528,-12.2574,Vector Representation Model
scone,12.81664212,10.4967,Vector Representation Model
scrambled_eggs,-33.00862745,5.81507,Vector Representation Model
seaweed,-26.87105751,-12.4684,Vector Representation Model
shortbread_cookie,-1.942277228,-12.248,Vector Representation Model
skittles,16.73829532,13.1418,Vector Representation Model
smoked_ham,-3.358514851,-21.1439,Vector Representation Model
smoked_salmon,-23.68891089,-5.85751,Vector Representation Model
smores,-8.990406396,7.21199,Vector Representation Model
soft_pretzels,30.65893617,-1.27248,Vector Representation Model
sorbet,29.58609694,8.7749,Vector Representation Model
sour_cream,-10.16357452,-11.7287,Vector Representation Model
soy_milk,20.80880231,-2.63205,Vector Representation Model
spaghetti,33.88888889,0.539827,Vector Representation Model
sponge_cake,0.286862745,-1.86826,Vector Representation Model
strawberries,6.02320232,-6.30576,Vector Representation Model
sushi,8.070810142,11.8864,Vector Representation Model
tea,30.8310101,16.4204,Vector Representation Model
tiramisu,6.236363636,6.03411,Vector Representation Model
tomatoes,8.210338681,-7.75898,Vector Representation Model
trout,-5.143475572,-15.2717,Vector Representation Model
vegetable_broth,-1.909090909,-9.74191,Vector Representation Model
waffle,26.11959184,7.38079,Vector Representation Model
walnuts,-58.47402062,-30.8625,Vector Representation Model
wasabi_peas,-63.85286601,-13.7369,Vector Representation Model
watermelon,-11.5160064,-2.99581,Vector Representation Model
whipped_cream,-3.348627451,7.76932,Vector Representation Model
aloe_vera_juice,-16.92702128,5.96406,Nutrient Model
anchovy,-46.4030414,-27.807,Nutrient Model
apple,-10.24980392,5.66514,Nutrient Model
apple_cider,29.77265306,4.19964,Nutrient Model
apricot,-13,4.73364,Nutrient Model
artichoke,17.54682583,12.3601,Nutrient Model
asparagus,3.522178218,11.7479,Nutrient Model
avocado,-23.98534653,-4.04564,Nutrient Model
bacon,-12.12811881,-42.4678,Nutrient Model
baked_beans,-1.03372549,3.9149,Nutrient Model
baked_sweet_potato,-15.07828283,6.2076,Nutrient Model
banana,-8.005490196,7.58595,Nutrient Model
beef_jerky,-31.29833333,-49.173,Nutrient Model
beef_shortribs,-35.86190476,-25.8615,Nutrient Model
beef_sirloin,-6.503242956,-9.13925,Nutrient Model
beer,51.5652921,13.8028,Nutrient Model
beets,-5.587540279,4.1397,Nutrient Model
biscotti,11.02308802,-5.47383,Nutrient Model
blueberries,-15.66236624,5.81907,Nutrient Model
bran_flakes,-9.082626263,15.5721,Nutrient Model
brandy,45.25907258,27.624,Nutrient Model
broccoli,3.61254902,11.9577,Nutrient Model
brown_sugar,-5.912857143,17.4391,Nutrient Model
brussels_sprouts,5.667058824,12.205,Nutrient Model
caesar_salad,-24.04040404,-4.11953,Nutrient Model
cantaloupe,-10.15696839,4.21624,Nutrient Model
cappuccino,44.90411765,11.3063,Nutrient Model
carrot_cake,-26.62,-25.4281,Nutrient Model
carrots,2.977843137,13.218,Nutrient Model
cashew_nuts,-63.78940594,-33.3134,Nutrient Model
cauliflower,5.407058824,12.3566,Nutrient Model
celery,4.507427213,11.858,Nutrient Model
cereal,-11.9110101,6.71588,Nutrient Model
cheddar_cheese,-30.48431373,-7.47786,Nutrient Model
cheerios,16.90543544,10.406,Nutrient Model
cheeseburger,17.20294118,-5.8061,Nutrient Model
cheesecake,0.064158416,-21.0428,Nutrient Model
cherries,-10.27431373,5.68809,Nutrient Model
chewing_gum,13.61543268,22.5948,Nutrient Model
chicken_breast,-15.09254902,-13.4975,Nutrient Model
chicken_burrito,-5.299732014,-8.30248,Nutrient Model
chicken_curry,26.07,-1.02847,Nutrient Model
chicken_enchilada,6.646464646,-2.76666,Nutrient Model
chicken_noodle_soup,14.96666667,11.5015,Nutrient Model
chicken_nuggets,1.212715389,-19.8391,Nutrient Model
chicken_thighs,-40.00764706,-22.8588,Nutrient Model
chicken_wings,-5.605643564,-11.388,Nutrient Model
chickpeas,-32.84010101,4.23914,Nutrient Model
chorizo,-25.35948129,-29.8313,Nutrient Model
churros,-13.29393716,-25.4876,Nutrient Model
cinnamon_bun,-13.97979798,-18.6652,Nutrient Model
clam_chowder,36.96070175,11.9349,Nutrient Model
coconut_milk,-53.21112981,9.07499,Nutrient Model
cola,52.6480198,2.87584,Nutrient Model
corn,-0.620784314,5.39295,Nutrient Model
corn_flakes,-5.225643564,22.7055,Nutrient Model
crab_cake,-5.259143156,-10.2506,Nutrient Model
cranberries,7.638235294,14.6812,Nutrient Model
cream_cheese,-18.7450495,-9.17529,Nutrient Model
crepe,22.01030928,0.115755,Nutrient Model
croissant,-0.56990099,-8.67882,Nutrient Model
cucumber,3.442941176,12.3644,Nutrient Model
dark_chocolate,-54.78401664,-9.87628,Nutrient Model
donut,4.808823529,-20.4888,Nutrient Model
duck,-21.19223159,-21.3309,Nutrient Model
dumpling,30.02195424,-0.137464,Nutrient Model
egg_omelet,-51.40070707,-20.6209,Nutrient Model
eggnog,20.21020408,-9.29653,Nutrient Model
english_muffin,49.06060606,19.2538,Nutrient Model
espresso,41.51841949,11.9759,Nutrient Model
fajita,3.658421053,-1.30897,Nutrient Model
fig,-9.869135283,6.49479,Nutrient Model
flax_seeds,-62.50753546,-24.7248,Nutrient Model
flaxseed_oil,-63.18521062,-53.9985,Nutrient Model
french_fries,34.03889675,5.50108,Nutrient Model
french_onion_soup,-8.372968819,0.353994,Nutrient Model
french_toast,14.80020408,-8.01432,Nutrient Model
frozen_yogurt,12.66666667,4.80756,Nutrient Model
granola_bar,-43.46,-21.6371,Nutrient Model
grapes,-4.87254902,6.00832,Nutrient Model
guacamole,-18.77997449,-2.7322,Nutrient Model
hamburger,28.59960784,-0.394837,Nutrient Model
hazelnuts,-45.44363636,-41.141,Nutrient Model
honey,-8.865121806,10.1896,Nutrient Model
honeydew_melon,-14.00802139,4.95472,Nutrient Model
hummus,-17.60410225,5.19139,Nutrient Model
ice_cream,9.698158051,-7.93558,Nutrient Model
jam,22.1010101,7.73355,Nutrient Model
kale,5.792871287,11.8126,Nutrient Model
kit_kat,-7.576862745,-10.8815,Nutrient Model
kiwi_fruit,-14.57514851,5.617,Nutrient Model
lard,-0.975045464,-36.7541,Nutrient Model
lasagna,12.75396825,0.451435,Nutrient Model
lemon_meringue_pie,6.805346535,-10.3937,Nutrient Model
lemonade,19.02,2.12136,Nutrient Model
lettuce,5.688823529,12.4161,Nutrient Model
lime,9.424950495,13.4744,Nutrient Model
macaroni_cheese,55.05470588,17.4165,Nutrient Model
macaroon,-1.682916667,-3.91402,Nutrient Model
mango,-10.01742574,5.35172,Nutrient Model
margarita,39.14738475,15.4514,Nutrient Model
marshmallow,29.43843137,7.40918,Nutrient Model
mashed_potatoes,30.49098039,29.2574,Nutrient Model
mayonnaise,-22.68372549,-43.3843,Nutrient Model
milkshake,22.67732673,-6.40078,Nutrient Model
mocha,42.77208333,3.1711,Nutrient Model
mousse,11.62693878,-7.88336,Nutrient Model
mozzarella_cheese,-33.70346535,-20.2546,Nutrient Model
multigrain_bagel,2.657070707,10.7406,Nutrient Model
mussels,7.776141384,7.65857,Nutrient Model
naan,17.19251221,9.13256,Nutrient Model
oatmeal,5.825148515,14.9562,Nutrient Model
oatmeal_raisin_cookie,-36.16161616,-15.9797,Nutrient Model
okra,21.08065234,12.7218,Nutrient Model
olives,-38.45824582,-0.716519,Nutrient Model
onion_rings,-3.569494949,-23.3364,Nutrient Model
orange,-12.0590099,5.09353,Nutrient Model
oysters,18.71564518,9.31314,Nutrient Model
pad_thai,11.33140097,0.354938,Nutrient Model
pancakes,22.21494949,-1.23734,Nutrient Model
peach,-10.58823529,4.61923,Nutrient Model
peanut_butter,-28.65960784,-50.6711,Nutrient Model
peanut_butter_cookie,-4.581158116,-27.7386,Nutrient Model
pear,-14.37294118,6.08647,Nutrient Model
pecan_pie,4.100107527,-12.0244,Nutrient Model
pepperoni,-18.8327451,-39.2188,Nutrient Model
pepperoni_pizza,14.35431373,-3.25854,Nutrient Model
pineapple,-7.301960784,5.26023,Nutrient Model
pita_bread,21.60686869,19.3625,Nutrient Model
plain_yogurt,-9.678910891,2.76527,Nutrient Model
pomegranate,-6.717171717,5.2601,Nutrient Model
popcorn,-36.29509804,-14.8843,Nutrient Model
pork_chop,-42.93,-24.0714,Nutrient Model
pork_loin,-0.724695939,-13.3649,Nutrient Model
pork_spareribs,-19.94816327,-30.1657,Nutrient Model
potato_gnocchi,5.224747475,4.99407,Nutrient Model
quiche,-18.43177683,-13.5124,Nutrient Model
quinoa,-11.67607469,17.0442,Nutrient Model
raisins,-18.53176471,9.33971,Nutrient Model
ramen_noodle_soup,-58.01536759,-1.04761,Nutrient Model
ravioli,8.81,1.3361,Nutrient Model
rice_pudding,26.78575074,4.88366,Nutrient Model
roasted_almonds,-39.18,-41.955,Nutrient Model
roasted_lamb,-34.03910391,-21.6174,Nutrient Model
roasted_peanuts,-38.25505051,-42.2917,Nutrient Model
roasted_turkey,-15.65276528,-12.1851,Nutrient Model
scone,12.81664212,6.19071,Nutrient Model
scrambled_eggs,-33.00862745,-7.55263,Nutrient Model
seaweed,-26.87105751,10.2547,Nutrient Model
shortbread_cookie,-1.942277228,-14.87,Nutrient Model
skittles,16.73829532,1.34138,Nutrient Model
smoked_ham,-3.358514851,-14.7564,Nutrient Model
smoked_salmon,-23.68891089,-3.48936,Nutrient Model
smores,-8.990406396,-14.5917,Nutrient Model
soft_pretzels,30.65893617,17.4934,Nutrient Model
sorbet,29.58609694,7.13328,Nutrient Model
sour_cream,-10.16357452,-8.38202,Nutrient Model
soy_milk,20.80880231,11.0778,Nutrient Model
spaghetti,33.88888889,18.1223,Nutrient Model
sponge_cake,0.286862745,-13.3221,Nutrient Model
strawberries,6.02320232,13.2137,Nutrient Model
sushi,8.070810142,13.6946,Nutrient Model
tea,30.8310101,11.6139,Nutrient Model
tiramisu,6.236363636,-16.3156,Nutrient Model
tomatoes,8.210338681,11.8778,Nutrient Model
trout,-5.143475572,-7.39375,Nutrient Model
vegetable_broth,-1.909090909,11.6493,Nutrient Model
waffle,26.11959184,-5.18755,Nutrient Model
walnuts,-58.47402062,-43.5875,Nutrient Model
wasabi_peas,-63.85286601,6.4351,Nutrient Model
watermelon,-11.5160064,4.33182,Nutrient Model
whipped_cream,-3.348627451,-13.8311,Nutrient Model
aloe_vera_juice,-16.92702128,-7.67962,Combined Model
anchovy,-46.4030414,-29.8929,Combined Model
apple,-10.24980392,5.38036,Combined Model
apple_cider,29.77265306,15.0644,Combined Model
apricot,-13,0.25248,Combined Model
artichoke,17.54682583,9.33928,Combined Model
asparagus,3.522178218,2.14688,Combined Model
avocado,-23.98534653,-23.2793,Combined Model
bacon,-12.12811881,-35.245,Combined Model
baked_beans,-1.03372549,19.7613,Combined Model
baked_sweet_potato,-15.07828283,4.60627,Combined Model
banana,-8.005490196,2.05477,Combined Model
beef_jerky,-31.29833333,-51.4333,Combined Model
beef_shortribs,-35.86190476,-31.1428,Combined Model
beef_sirloin,-6.503242956,-20.0132,Combined Model
beer,51.5652921,41.367,Combined Model
beets,-5.587540279,-9.17708,Combined Model
biscotti,11.02308802,2.66575,Combined Model
blueberries,-15.66236624,-10.3634,Combined Model
bran_flakes,-9.082626263,-5.04907,Combined Model
brandy,45.25907258,38.4364,Combined Model
broccoli,3.61254902,3.18911,Combined Model
brown_sugar,-5.912857143,11.3811,Combined Model
brussels_sprouts,5.667058824,13.0796,Combined Model
caesar_salad,-24.04040404,1.43209,Combined Model
cantaloupe,-10.15696839,4.38457,Combined Model
cappuccino,44.90411765,45.0325,Combined Model
carrot_cake,-26.62,-24.9454,Combined Model
carrots,2.977843137,-3.96142,Combined Model
cashew_nuts,-63.78940594,-60.0056,Combined Model
cauliflower,5.407058824,0.946496,Combined Model
celery,4.507427213,-1.55599,Combined Model
cereal,-11.9110101,-3.02932,Combined Model
cheddar_cheese,-30.48431373,-25.5969,Combined Model
cheerios,16.90543544,8.38823,Combined Model
cheeseburger,17.20294118,12.9502,Combined Model
cheesecake,0.064158416,-11.0807,Combined Model
cherries,-10.27431373,-8.33494,Combined Model
chewing_gum,13.61543268,26.8533,Combined Model
chicken_breast,-15.09254902,-11.6199,Combined Model
chicken_burrito,-5.299732014,-3.99631,Combined Model
chicken_curry,26.07,9.22918,Combined Model
chicken_enchilada,6.646464646,-7.06756,Combined Model
chicken_noodle_soup,14.96666667,20.0199,Combined Model
chicken_nuggets,1.212715389,-12.6559,Combined Model
chicken_thighs,-40.00764706,-39.4737,Combined Model
chicken_wings,-5.605643564,9.15987,Combined Model
chickpeas,-32.84010101,-18.082,Combined Model
chorizo,-25.35948129,-35.1159,Combined Model
churros,-13.29393716,-25.3034,Combined Model
cinnamon_bun,-13.97979798,-15.9939,Combined Model
clam_chowder,36.96070175,21.389,Combined Model
coconut_milk,-53.21112981,-8.77307,Combined Model
cola,52.6480198,19.7541,Combined Model
corn,-0.620784314,0.0105958,Combined Model
corn_flakes,-5.225643564,6.87605,Combined Model
crab_cake,-5.259143156,0.926554,Combined Model
cranberries,7.638235294,-4.35656,Combined Model
cream_cheese,-18.7450495,-20.1434,Combined Model
crepe,22.01030928,13.824,Combined Model
croissant,-0.56990099,-10.3222,Combined Model
cucumber,3.442941176,3.04096,Combined Model
dark_chocolate,-54.78401664,-23.0947,Combined Model
donut,4.808823529,-5.41746,Combined Model
duck,-21.19223159,-15.6989,Combined Model
dumpling,30.02195424,8.49116,Combined Model
egg_omelet,-51.40070707,-20.5299,Combined Model
eggnog,20.21020408,1.78415,Combined Model
english_muffin,49.06060606,29.8413,Combined Model
espresso,41.51841949,38.8134,Combined Model
fajita,3.658421053,8.43151,Combined Model
fig,-9.869135283,2.85812,Combined Model
flax_seeds,-62.50753546,-43.8358,Combined Model
flaxseed_oil,-63.18521062,-40.1532,Combined Model
french_fries,34.03889675,19.9183,Combined Model
french_onion_soup,-8.372968819,2.38158,Combined Model
french_toast,14.80020408,4.54147,Combined Model
frozen_yogurt,12.66666667,24.2043,Combined Model
granola_bar,-43.46,-29.8276,Combined Model
grapes,-4.87254902,-6.11226,Combined Model
guacamole,-18.77997449,0.9436,Combined Model
hamburger,28.59960784,16.2115,Combined Model
hazelnuts,-45.44363636,-44.8933,Combined Model
honey,-8.865121806,1.48266,Combined Model
honeydew_melon,-14.00802139,-5.58531,Combined Model
hummus,-17.60410225,10.8984,Combined Model
ice_cream,9.698158051,12.7695,Combined Model
jam,22.1010101,19.6906,Combined Model
kale,5.792871287,-3.50896,Combined Model
kit_kat,-7.576862745,-16.7592,Combined Model
kiwi_fruit,-14.57514851,-6.40943,Combined Model
lard,-0.975045464,-10.055,Combined Model
lasagna,12.75396825,12.8547,Combined Model
lemon_meringue_pie,6.805346535,-3.97527,Combined Model
lemonade,19.02,21.2614,Combined Model
lettuce,5.688823529,2.64091,Combined Model
lime,9.424950495,8.5455,Combined Model
macaroni_cheese,55.05470588,13.1562,Combined Model
macaroon,-1.682916667,-14.2445,Combined Model
mango,-10.01742574,-4.32042,Combined Model
margarita,39.14738475,23.2027,Combined Model
marshmallow,29.43843137,20.3867,Combined Model
mashed_potatoes,30.49098039,36.713,Combined Model
mayonnaise,-22.68372549,-42.9272,Combined Model
milkshake,22.67732673,10.5306,Combined Model
mocha,42.77208333,23.2625,Combined Model
mousse,11.62693878,-6.02775,Combined Model
mozzarella_cheese,-33.70346535,-25.0698,Combined Model
multigrain_bagel,2.657070707,12.954,Combined Model
mussels,7.776141384,-1.34833,Combined Model
naan,17.19251221,8.15516,Combined Model
oatmeal,5.825148515,10.6654,Combined Model
oatmeal_raisin_cookie,-36.16161616,-24.5189,Combined Model
okra,21.08065234,6.27625,Combined Model
olives,-38.45824582,-33.9322,Combined Model
onion_rings,-3.569494949,-7.6655,Combined Model
orange,-12.0590099,5.0704,Combined Model
oysters,18.71564518,9.73004,Combined Model
pad_thai,11.33140097,4.86562,Combined Model
pancakes,22.21494949,15.0691,Combined Model
peach,-10.58823529,6.88054,Combined Model
peanut_butter,-28.65960784,-42.5836,Combined Model
peanut_butter_cookie,-4.581158116,-20.727,Combined Model
pear,-14.37294118,1.32031,Combined Model
pecan_pie,4.100107527,0.370938,Combined Model
pepperoni,-18.8327451,-24.5481,Combined Model
pepperoni_pizza,14.35431373,5.82753,Combined Model
pineapple,-7.301960784,-5.6393,Combined Model
pita_bread,21.60686869,22.083,Combined Model
plain_yogurt,-9.678910891,-2.61526,Combined Model
pomegranate,-6.717171717,-15.1146,Combined Model
popcorn,-36.29509804,-15.665,Combined Model
pork_chop,-42.93,-26.4401,Combined Model
pork_loin,-0.724695939,-0.896431,Combined Model
pork_spareribs,-19.94816327,-31.8719,Combined Model
potato_gnocchi,5.224747475,-3.76141,Combined Model
quiche,-18.43177683,-12.1991,Combined Model
quinoa,-11.67607469,-8.05249,Combined Model
raisins,-18.53176471,-10.3712,Combined Model
ramen_noodle_soup,-58.01536759,-22.7266,Combined Model
ravioli,8.81,7.7824,Combined Model
rice_pudding,26.78575074,11.6032,Combined Model
roasted_almonds,-39.18,-33.0713,Combined Model
roasted_lamb,-34.03910391,-32.8729,Combined Model
roasted_peanuts,-38.25505051,-47.9995,Combined Model
roasted_turkey,-15.65276528,-4.70164,Combined Model
scone,12.81664212,8.44206,Combined Model
scrambled_eggs,-33.00862745,4.7982,Combined Model
seaweed,-26.87105751,-13.729,Combined Model
shortbread_cookie,-1.942277228,-21.9997,Combined Model
skittles,16.73829532,7.36162,Combined Model
smoked_ham,-3.358514851,-13.7694,Combined Model
smoked_salmon,-23.68891089,0.556887,Combined Model
smores,-8.990406396,-17.9273,Combined Model
soft_pretzels,30.65893617,29.3177,Combined Model
sorbet,29.58609694,16.6861,Combined Model
sour_cream,-10.16357452,-12.9658,Combined Model
soy_milk,20.80880231,12.3999,Combined Model
spaghetti,33.88888889,21.7143,Combined Model
sponge_cake,0.286862745,-4.92139,Combined Model
strawberries,6.02320232,1.15812,Combined Model
sushi,8.070810142,24.6489,Combined Model
tea,30.8310101,19.8034,Combined Model
tiramisu,6.236363636,-0.250258,Combined Model
tomatoes,8.210338681,0.439208,Combined Model
trout,-5.143475572,-4.81538,Combined Model
vegetable_broth,-1.909090909,4.62128,Combined Model
waffle,26.11959184,7.61663,Combined Model
walnuts,-58.47402062,-62.3151,Combined Model
wasabi_peas,-63.85286601,-16.3587,Combined Model
watermelon,-11.5160064,2.23541,Combined Model
whipped_cream,-3.348627451,-12.3571,Combined Model
