"","food_name","rating"
"1","roasted_almonds",86
"2","roasted_almonds",76
"3","roasted_almonds",40
"4","roasted_almonds",-5
"5","roasted_almonds",39
"6","roasted_almonds",50
"7","roasted_almonds",82
"8","roasted_almonds",83
"9","roasted_almonds",36
"10","roasted_almonds",100
"11","roasted_almonds",-30
"12","roasted_almonds",41
"13","roasted_almonds",90
"14","roasted_almonds",19
"15","roasted_almonds",25
"16","roasted_almonds",80
"17","roasted_almonds",70
"18","roasted_almonds",33
"19","roasted_almonds",47
"20","aloe_vera_juice",0
"21","aloe_vera_juice",0
"22","aloe_vera_juice",0
"23","aloe_vera_juice",0
"24","aloe_vera_juice",17
"25","aloe_vera_juice",10
"26","aloe_vera_juice",-1
"27","aloe_vera_juice",-1
"28","aloe_vera_juice",-82
"29","aloe_vera_juice",100
"30","aloe_vera_juice",-10
"31","aloe_vera_juice",19
"32","aloe_vera_juice",-1
"33","aloe_vera_juice",20
"34","aloe_vera_juice",6
"35","aloe_vera_juice",30
"36","aloe_vera_juice",0
"37","aloe_vera_juice",0
"38","aloe_vera_juice",NA
"39","anchovy",-18
"40","anchovy",77
"41","anchovy",0
"42","anchovy",0
"43","anchovy",22
"44","anchovy",21
"45","anchovy",-4
"46","anchovy",1
"47","anchovy",44
"48","anchovy",1
"49","anchovy",60
"50","anchovy",22
"51","anchovy",68
"52","anchovy",20
"53","anchovy",38
"54","anchovy",-10
"55","anchovy",84
"56","anchovy",-32
"57","anchovy",38
"58","apple_cider",-22
"59","apple_cider",-50
"60","apple_cider",-30
"61","apple_cider",-35
"62","apple_cider",-37
"63","apple_cider",-37
"64","apple_cider",-50
"65","apple_cider",-19
"66","apple_cider",-81
"67","apple_cider",-100
"68","apple_cider",-80
"69","apple_cider",-29
"70","apple_cider",-34
"71","apple_cider",-30
"72","apple_cider",-28
"73","apple_cider",-80
"74","apple_cider",-39
"75","apple_cider",-4
"76","apple_cider",-51
"77","apple",100
"78","apple",72
"79","apple",100
"80","apple",81
"81","apple",75
"82","apple",100
"83","apple",100
"84","apple",81
"85","apple",100
"86","apple",100
"87","apple",90
"88","apple",100
"89","apple",85
"90","apple",60
"91","apple",97
"92","apple",100
"93","apple",100
"94","apple",89
"95","apple",63
"96","apricot",100
"97","apricot",26
"98","apricot",100
"99","apricot",3
"100","apricot",72
"101","apricot",100
"102","apricot",100
"103","apricot",86
"104","apricot",100
"105","apricot",100
"106","apricot",90
"107","apricot",88
"108","apricot",94
"109","apricot",60
"110","apricot",100
"111","apricot",100
"112","apricot",100
"113","apricot",62
"114","apricot",34
"115","artichoke",100
"116","artichoke",100
"117","artichoke",100
"118","artichoke",0
"119","artichoke",59
"120","artichoke",100
"121","artichoke",100
"122","artichoke",100
"123","artichoke",100
"124","artichoke",100
"125","artichoke",80
"126","artichoke",100
"127","artichoke",100
"128","artichoke",50
"129","artichoke",100
"130","artichoke",100
"131","artichoke",100
"132","artichoke",80
"133","artichoke",67
"134","asparagus",100
"135","asparagus",100
"136","asparagus",100
"137","asparagus",1
"138","asparagus",78
"139","asparagus",100
"140","asparagus",100
"141","asparagus",100
"142","asparagus",100
"143","asparagus",100
"144","asparagus",90
"145","asparagus",100
"146","asparagus",100
"147","asparagus",60
"148","asparagus",100
"149","asparagus",100
"150","asparagus",100
"151","asparagus",88
"152","asparagus",76
"153","avocado",100
"154","avocado",57
"155","avocado",70
"156","avocado",3
"157","avocado",38
"158","avocado",90
"159","avocado",99
"160","avocado",68
"161","avocado",100
"162","avocado",100
"163","avocado",80
"164","avocado",43
"165","avocado",47
"166","avocado",50
"167","avocado",15
"168","avocado",100
"169","avocado",70
"170","avocado",22
"171","avocado",49
"172","bacon",-69
"173","bacon",-10
"174","bacon",-40
"175","bacon",-29
"176","bacon",11
"177","bacon",20
"178","bacon",-32
"179","bacon",-37
"180","bacon",-29
"181","bacon",85
"182","bacon",20
"183","bacon",11
"184","bacon",-44
"185","bacon",-20
"186","bacon",-82
"187","bacon",-100
"188","bacon",40
"189","bacon",-73
"190","bacon",-20
"191","multigrain_bagel",46
"192","multigrain_bagel",50
"193","multigrain_bagel",20
"194","multigrain_bagel",-17
"195","multigrain_bagel",40
"196","multigrain_bagel",85
"197","multigrain_bagel",12
"198","multigrain_bagel",45
"199","multigrain_bagel",48
"200","multigrain_bagel",-1
"201","multigrain_bagel",30
"202","multigrain_bagel",71
"203","multigrain_bagel",86
"204","multigrain_bagel",40
"205","multigrain_bagel",53
"206","multigrain_bagel",100
"207","multigrain_bagel",60
"208","multigrain_bagel",39
"209","multigrain_bagel",42
"210","baked_beans",35
"211","baked_beans",41
"212","baked_beans",40
"213","baked_beans",75
"214","baked_beans",69
"215","baked_beans",90
"216","baked_beans",30
"217","baked_beans",56
"218","baked_beans",51
"219","baked_beans",100
"220","baked_beans",60
"221","baked_beans",75
"222","baked_beans",56
"223","baked_beans",30
"224","baked_beans",56
"225","baked_beans",80
"226","baked_beans",65
"227","baked_beans",50
"228","baked_beans",49
"229","banana",100
"230","banana",85
"231","banana",100
"232","banana",1
"233","banana",83
"234","banana",100
"235","banana",100
"236","banana",83
"237","banana",100
"238","banana",100
"239","banana",80
"240","banana",98
"241","banana",88
"242","banana",60
"243","banana",100
"244","banana",100
"245","banana",90
"246","banana",89
"247","banana",63
"248","beef_jerky",-45
"249","beef_jerky",-19
"250","beef_jerky",-20
"251","beef_jerky",-38
"252","beef_jerky",15
"253","beef_jerky",66
"254","beef_jerky",-33
"255","beef_jerky",-16
"256","beef_jerky",-22
"257","beef_jerky",100
"258","beef_jerky",-80
"259","beef_jerky",-10
"260","beef_jerky",-1
"261","beef_jerky",10
"262","beef_jerky",-62
"263","beef_jerky",-50
"264","beef_jerky",-66
"265","beef_jerky",-52
"266","beef_jerky",-20
"267","beef_shortribs",-20
"268","beef_shortribs",0
"269","beef_shortribs",-20
"270","beef_shortribs",0
"271","beef_shortribs",34
"272","beef_shortribs",85
"273","beef_shortribs",-4
"274","beef_shortribs",14
"275","beef_shortribs",NA
"276","beef_shortribs",44
"277","beef_shortribs",-40
"278","beef_shortribs",-13
"279","beef_shortribs",-46
"280","beef_shortribs",30
"281","beef_shortribs",-9
"282","beef_shortribs",-70
"283","beef_shortribs",NA
"284","beef_shortribs",-21
"285","beef_shortribs",28
"286","beef_sirloin",-15
"287","beef_sirloin",43
"288","beef_sirloin",50
"289","beef_sirloin",46
"290","beef_sirloin",36
"291","beef_sirloin",82
"292","beef_sirloin",61
"293","beef_sirloin",31
"294","beef_sirloin",44
"295","beef_sirloin",100
"296","beef_sirloin",10
"297","beef_sirloin",24
"298","beef_sirloin",82
"299","beef_sirloin",10
"300","beef_sirloin",20
"301","beef_sirloin",-25
"302","beef_sirloin",27
"303","beef_sirloin",-30
"304","beef_sirloin",24
"305","beer",-56
"306","beer",-50
"307","beer",-30
"308","beer",-86
"309","beer",-25
"310","beer",-27
"311","beer",-50
"312","beer",-30
"313","beer",-54
"314","beer",-100
"315","beer",-80
"316","beer",-30
"317","beer",-16
"318","beer",-30
"319","beer",-7
"320","beer",-75
"321","beer",-35
"322","beer",-81
"323","beer",-44
"324","beets",100
"325","beets",83
"326","beets",100
"327","beets",-1
"328","beets",72
"329","beets",100
"330","beets",100
"331","beets",84
"332","beets",100
"333","beets",100
"334","beets",80
"335","beets",100
"336","beets",100
"337","beets",60
"338","beets",72
"339","beets",100
"340","beets",71
"341","beets",52
"342","beets",59
"343","blueberries",100
"344","blueberries",100
"345","blueberries",100
"346","blueberries",6
"347","blueberries",77
"348","blueberries",100
"349","blueberries",100
"350","blueberries",82
"351","blueberries",100
"352","blueberries",100
"353","blueberries",90
"354","blueberries",72
"355","blueberries",90
"356","blueberries",60
"357","blueberries",100
"358","blueberries",100
"359","blueberries",100
"360","blueberries",83
"361","blueberries",46
"362","bran_flakes",65
"363","bran_flakes",50
"364","bran_flakes",35
"365","bran_flakes",2
"366","bran_flakes",55
"367","bran_flakes",86
"368","bran_flakes",90
"369","bran_flakes",53
"370","bran_flakes",61
"371","bran_flakes",90
"372","bran_flakes",60
"373","bran_flakes",34
"374","bran_flakes",70
"375","bran_flakes",20
"376","bran_flakes",61
"377","bran_flakes",100
"378","bran_flakes",74
"379","bran_flakes",-13
"380","bran_flakes",17
"381","brandy",-32
"382","brandy",-34
"383","brandy",-40
"384","brandy",-45
"385","brandy",-50
"386","brandy",-25
"387","brandy",-50
"388","brandy",-18
"389","brandy",-43
"390","brandy",-100
"391","brandy",-40
"392","brandy",-35
"393","brandy",-100
"394","brandy",-30
"395","brandy",-26
"396","brandy",-100
"397","brandy",-10
"398","brandy",-68
"399","brandy",0
"400","pita_bread",0
"401","pita_bread",30
"402","pita_bread",25
"403","pita_bread",-13
"404","pita_bread",34
"405","pita_bread",90
"406","pita_bread",16
"407","pita_bread",31
"408","pita_bread",40
"409","pita_bread",-100
"410","pita_bread",30
"411","pita_bread",9
"412","pita_bread",95
"413","pita_bread",15
"414","pita_bread",19
"415","pita_bread",50
"416","pita_bread",40
"417","pita_bread",-11
"418","pita_bread",44
"419","broccoli",100
"420","broccoli",100
"421","broccoli",100
"422","broccoli",1
"423","broccoli",55
"424","broccoli",100
"425","broccoli",100
"426","broccoli",100
"427","broccoli",100
"428","broccoli",100
"429","broccoli",95
"430","broccoli",100
"431","broccoli",100
"432","broccoli",50
"433","broccoli",100
"434","broccoli",100
"435","broccoli",100
"436","broccoli",87
"437","broccoli",75
"438","brussels_sprouts",100
"439","brussels_sprouts",100
"440","brussels_sprouts",100
"441","brussels_sprouts",66
"442","brussels_sprouts",60
"443","brussels_sprouts",100
"444","brussels_sprouts",100
"445","brussels_sprouts",100
"446","brussels_sprouts",100
"447","brussels_sprouts",100
"448","brussels_sprouts",90
"449","brussels_sprouts",100
"450","brussels_sprouts",100
"451","brussels_sprouts",60
"452","brussels_sprouts",100
"453","brussels_sprouts",100
"454","brussels_sprouts",77
"455","brussels_sprouts",81
"456","brussels_sprouts",87
"457","chicken_burrito",-11
"458","chicken_burrito",5
"459","chicken_burrito",-20
"460","chicken_burrito",-63
"461","chicken_burrito",34
"462","chicken_burrito",65
"463","chicken_burrito",-11
"464","chicken_burrito",42
"465","chicken_burrito",34
"466","chicken_burrito",43
"467","chicken_burrito",30
"468","chicken_burrito",-44
"469","chicken_burrito",3
"470","chicken_burrito",25
"471","chicken_burrito",16
"472","chicken_burrito",-50
"473","chicken_burrito",41
"474","chicken_burrito",-65
"475","chicken_burrito",35
"476","caesar_salad",-35
"477","caesar_salad",14
"478","caesar_salad",20
"479","caesar_salad",-36
"480","caesar_salad",2
"481","caesar_salad",64
"482","caesar_salad",-19
"483","caesar_salad",37
"484","caesar_salad",56
"485","caesar_salad",21
"486","caesar_salad",60
"487","caesar_salad",8
"488","caesar_salad",-1
"489","caesar_salad",10
"490","caesar_salad",50
"491","caesar_salad",-50
"492","caesar_salad",0
"493","caesar_salad",69
"494","caesar_salad",-53
"495","carrot_cake",-45
"496","carrot_cake",-100
"497","carrot_cake",-40
"498","carrot_cake",-43
"499","carrot_cake",-18
"500","carrot_cake",-70
"501","carrot_cake",-51
"502","carrot_cake",-14
"503","carrot_cake",38
"504","carrot_cake",-100
"505","carrot_cake",-70
"506","carrot_cake",-15
"507","carrot_cake",-98
"508","carrot_cake",5
"509","carrot_cake",-13
"510","carrot_cake",-50
"511","carrot_cake",30
"512","carrot_cake",-43
"513","carrot_cake",-78
"514","sponge_cake",-56
"515","sponge_cake",-50
"516","sponge_cake",-30
"517","sponge_cake",-50
"518","sponge_cake",-10
"519","sponge_cake",-76
"520","sponge_cake",-50
"521","sponge_cake",-26
"522","sponge_cake",-38
"523","sponge_cake",-100
"524","sponge_cake",-70
"525","sponge_cake",-13
"526","sponge_cake",-84
"527","sponge_cake",-10
"528","sponge_cake",-48
"529","sponge_cake",-70
"530","sponge_cake",15
"531","sponge_cake",-47
"532","sponge_cake",-67
"533","cantaloupe",100
"534","cantaloupe",64
"535","cantaloupe",100
"536","cantaloupe",1
"537","cantaloupe",86
"538","cantaloupe",100
"539","cantaloupe",100
"540","cantaloupe",74
"541","cantaloupe",100
"542","cantaloupe",-51
"543","cantaloupe",80
"544","cantaloupe",73
"545","cantaloupe",85
"546","cantaloupe",60
"547","cantaloupe",100
"548","cantaloupe",100
"549","cantaloupe",100
"550","cantaloupe",48
"551","cantaloupe",47
"552","cappuccino",-10
"553","cappuccino",0
"554","cappuccino",-15
"555","cappuccino",-21
"556","cappuccino",-32
"557","cappuccino",-10
"558","cappuccino",-3
"559","cappuccino",-14
"560","cappuccino",-85
"561","cappuccino",64
"562","cappuccino",-30
"563","cappuccino",0
"564","cappuccino",-1
"565","cappuccino",15
"566","cappuccino",10
"567","cappuccino",50
"568","cappuccino",15
"569","cappuccino",-16
"570","cappuccino",0
"571","carrots",100
"572","carrots",100
"573","carrots",100
"574","carrots",3
"575","carrots",81
"576","carrots",100
"577","carrots",100
"578","carrots",100
"579","carrots",100
"580","carrots",100
"581","carrots",95
"582","carrots",100
"583","carrots",100
"584","carrots",60
"585","carrots",95
"586","carrots",100
"587","carrots",100
"588","carrots",73
"589","carrots",79
"590","cashew_nuts",91
"591","cashew_nuts",86
"592","cashew_nuts",40
"593","cashew_nuts",3
"594","cashew_nuts",42
"595","cashew_nuts",95
"596","cashew_nuts",80
"597","cashew_nuts",71
"598","cashew_nuts",55
"599","cashew_nuts",100
"600","cashew_nuts",10
"601","cashew_nuts",6
"602","cashew_nuts",31
"603","cashew_nuts",20
"604","cashew_nuts",-10
"605","cashew_nuts",100
"606","cashew_nuts",70
"607","cashew_nuts",71
"608","cashew_nuts",36
"609","cauliflower",100
"610","cauliflower",98
"611","cauliflower",100
"612","cauliflower",73
"613","cauliflower",82
"614","cauliflower",100
"615","cauliflower",100
"616","cauliflower",100
"617","cauliflower",100
"618","cauliflower",100
"619","cauliflower",95
"620","cauliflower",100
"621","cauliflower",100
"622","cauliflower",60
"623","cauliflower",100
"624","cauliflower",100
"625","cauliflower",100
"626","cauliflower",92
"627","cauliflower",61
"628","celery",100
"629","celery",100
"630","celery",100
"631","celery",-5
"632","celery",46
"633","celery",100
"634","celery",100
"635","celery",100
"636","celery",100
"637","celery",67
"638","celery",95
"639","celery",100
"640","celery",100
"641","celery",55
"642","celery",93
"643","celery",100
"644","celery",100
"645","celery",79
"646","celery",39
"647","cereal",70
"648","cereal",56
"649","cereal",20
"650","cereal",-11
"651","cereal",29
"652","cereal",78
"653","cereal",-1
"654","cereal",51
"655","cereal",44
"656","cereal",-100
"657","cereal",50
"658","cereal",-65
"659","cereal",-1
"660","cereal",0
"661","cereal",10
"662","cereal",25
"663","cereal",70
"664","cereal",-12
"665","cereal",0
"666","cheerios",30
"667","cheerios",35
"668","cheerios",20
"669","cheerios",-29
"670","cheerios",19
"671","cheerios",20
"672","cheerios",-8
"673","cheerios",19
"674","cheerios",47
"675","cheerios",-100
"676","cheerios",50
"677","cheerios",-19
"678","cheerios",-31
"679","cheerios",10
"680","cheerios",51
"681","cheerios",-80
"682","cheerios",41
"683","cheerios",-50
"684","cheerios",-49
"685","cheddar_cheese",-73
"686","cheddar_cheese",0
"687","cheddar_cheese",30
"688","cheddar_cheese",-15
"689","cheddar_cheese",18
"690","cheddar_cheese",-9
"691","cheddar_cheese",22
"692","cheddar_cheese",50
"693","cheddar_cheese",51
"694","cheddar_cheese",100
"695","cheddar_cheese",20
"696","cheddar_cheese",10
"697","cheddar_cheese",-12
"698","cheddar_cheese",10
"699","cheddar_cheese",-56
"700","cheddar_cheese",-25
"701","cheddar_cheese",39
"702","cheddar_cheese",-67
"703","cheddar_cheese",42
"704","cream_cheese",-13
"705","cream_cheese",1
"706","cream_cheese",20
"707","cream_cheese",-51
"708","cream_cheese",15
"709","cream_cheese",58
"710","cream_cheese",-50
"711","cream_cheese",51
"712","cream_cheese",46
"713","cream_cheese",100
"714","cream_cheese",-50
"715","cream_cheese",-10
"716","cream_cheese",-84
"717","cream_cheese",-10
"718","cream_cheese",-19
"719","cream_cheese",40
"720","cream_cheese",39
"721","cream_cheese",-43
"722","cream_cheese",22
"723","mozzarella_cheese",25
"724","mozzarella_cheese",0
"725","mozzarella_cheese",40
"726","mozzarella_cheese",-41
"727","mozzarella_cheese",11
"728","mozzarella_cheese",60
"729","mozzarella_cheese",31
"730","mozzarella_cheese",56
"731","mozzarella_cheese",41
"732","mozzarella_cheese",100
"733","mozzarella_cheese",20
"734","mozzarella_cheese",9
"735","mozzarella_cheese",-1
"736","mozzarella_cheese",0
"737","mozzarella_cheese",-10
"738","mozzarella_cheese",-20
"739","mozzarella_cheese",48
"740","mozzarella_cheese",-55
"741","mozzarella_cheese",27
"742","cheeseburger",-87
"743","cheeseburger",-38
"744","cheeseburger",-70
"745","cheeseburger",-35
"746","cheeseburger",-55
"747","cheeseburger",-81
"748","cheeseburger",-50
"749","cheeseburger",6
"750","cheeseburger",36
"751","cheeseburger",41
"752","cheeseburger",-20
"753","cheeseburger",-73
"754","cheeseburger",-76
"755","cheeseburger",-19
"756","cheeseburger",-80
"757","cheeseburger",-100
"758","cheeseburger",-58
"759","cheeseburger",-71
"760","cheeseburger",-84
"761","cheesecake",-100
"762","cheesecake",-86
"763","cheesecake",-50
"764","cheesecake",-63
"765","cheesecake",-40
"766","cheesecake",-83
"767","cheesecake",-51
"768","cheesecake",-74
"769","cheesecake",-40
"770","cheesecake",-100
"771","cheesecake",-60
"772","cheesecake",-65
"773","cheesecake",-99
"774","cheesecake",-25
"775","cheesecake",-73
"776","cheesecake",-100
"777","cheesecake",-50
"778","cheesecake",-62
"779","cheesecake",-61
"780","cherries",100
"781","cherries",70
"782","cherries",100
"783","cherries",75
"784","cherries",72
"785","cherries",100
"786","cherries",100
"787","cherries",86
"788","cherries",100
"789","cherries",100
"790","cherries",75
"791","cherries",64
"792","cherries",95
"793","cherries",40
"794","cherries",100
"795","cherries",100
"796","cherries",100
"797","cherries",21
"798","cherries",34
"799","chewing_gum",0
"800","chewing_gum",1
"801","chewing_gum",0
"802","chewing_gum",-52
"803","chewing_gum",1
"804","chewing_gum",0
"805","chewing_gum",-51
"806","chewing_gum",-1
"807","chewing_gum",0
"808","chewing_gum",-100
"809","chewing_gum",-20
"810","chewing_gum",0
"811","chewing_gum",0
"812","chewing_gum",-30
"813","chewing_gum",-10
"814","chewing_gum",0
"815","chewing_gum",0
"816","chewing_gum",0
"817","chewing_gum",0
"818","chicken_curry",-23
"819","chicken_curry",33
"820","chicken_curry",0
"821","chicken_curry",0
"822","chicken_curry",36
"823","chicken_curry",12
"824","chicken_curry",8
"825","chicken_curry",11
"826","chicken_curry",55
"827","chicken_curry",40
"828","chicken_curry",30
"829","chicken_curry",0
"830","chicken_curry",-1
"831","chicken_curry",15
"832","chicken_curry",53
"833","chicken_curry",-60
"834","chicken_curry",40
"835","chicken_curry",-29
"836","chicken_curry",21
"837","chicken_enchilada",-36
"838","chicken_enchilada",28
"839","chicken_enchilada",-50
"840","chicken_enchilada",-18
"841","chicken_enchilada",40
"842","chicken_enchilada",65
"843","chicken_enchilada",-23
"844","chicken_enchilada",53
"845","chicken_enchilada",41
"846","chicken_enchilada",54
"847","chicken_enchilada",30
"848","chicken_enchilada",-14
"849","chicken_enchilada",-53
"850","chicken_enchilada",20
"851","chicken_enchilada",8
"852","chicken_enchilada",-50
"853","chicken_enchilada",30
"854","chicken_enchilada",-32
"855","chicken_enchilada",30
"856","chicken_nuggets",-90
"857","chicken_nuggets",-50
"858","chicken_nuggets",-50
"859","chicken_nuggets",-53
"860","chicken_nuggets",13
"861","chicken_nuggets",40
"862","chicken_nuggets",-50
"863","chicken_nuggets",-28
"864","chicken_nuggets",36
"865","chicken_nuggets",41
"866","chicken_nuggets",-40
"867","chicken_nuggets",-55
"868","chicken_nuggets",-85
"869","chicken_nuggets",-30
"870","chicken_nuggets",-63
"871","chicken_nuggets",-100
"872","chicken_nuggets",-77
"873","chicken_nuggets",-71
"874","chicken_nuggets",-31
"875","chicken_noodle_soup",73
"876","chicken_noodle_soup",0
"877","chicken_noodle_soup",60
"878","chicken_noodle_soup",-19
"879","chicken_noodle_soup",42
"880","chicken_noodle_soup",20
"881","chicken_noodle_soup",-24
"882","chicken_noodle_soup",48
"883","chicken_noodle_soup",42
"884","chicken_noodle_soup",14
"885","chicken_noodle_soup",40
"886","chicken_noodle_soup",31
"887","chicken_noodle_soup",-51
"888","chicken_noodle_soup",35
"889","chicken_noodle_soup",10
"890","chicken_noodle_soup",-25
"891","chicken_noodle_soup",40
"892","chicken_noodle_soup",-68
"893","chicken_noodle_soup",71
"894","chicken_breast",54
"895","chicken_breast",60
"896","chicken_breast",45
"897","chicken_breast",-1
"898","chicken_breast",61
"899","chicken_breast",90
"900","chicken_breast",67
"901","chicken_breast",66
"902","chicken_breast",53
"903","chicken_breast",100
"904","chicken_breast",70
"905","chicken_breast",100
"906","chicken_breast",100
"907","chicken_breast",50
"908","chicken_breast",63
"909","chicken_breast",60
"910","chicken_breast",80
"911","chicken_breast",-53
"912","chicken_breast",45
"913","chicken_thighs",-54
"914","chicken_thighs",0
"915","chicken_thighs",40
"916","chicken_thighs",0
"917","chicken_thighs",39
"918","chicken_thighs",95
"919","chicken_thighs",25
"920","chicken_thighs",60
"921","chicken_thighs",55
"922","chicken_thighs",0
"923","chicken_thighs",60
"924","chicken_thighs",-31
"925","chicken_thighs",21
"926","chicken_thighs",16
"927","chicken_thighs",46
"928","chicken_thighs",50
"929","chicken_thighs",40
"930","chicken_thighs",-71
"931","chicken_thighs",50
"932","chicken_wings",-80
"933","chicken_wings",0
"934","chicken_wings",-30
"935","chicken_wings",-1
"936","chicken_wings",44
"937","chicken_wings",65
"938","chicken_wings",-10
"939","chicken_wings",-11
"940","chicken_wings",29
"941","chicken_wings",-1
"942","chicken_wings",20
"943","chicken_wings",-21
"944","chicken_wings",-47
"945","chicken_wings",20
"946","chicken_wings",-8
"947","chicken_wings",25
"948","chicken_wings",70
"949","chicken_wings",-77
"950","chicken_wings",6
"951","chickpeas",100
"952","chickpeas",89
"953","chickpeas",70
"954","chickpeas",82
"955","chickpeas",59
"956","chickpeas",100
"957","chickpeas",100
"958","chickpeas",100
"959","chickpeas",100
"960","chickpeas",100
"961","chickpeas",80
"962","chickpeas",99
"963","chickpeas",98
"964","chickpeas",45
"965","chickpeas",92
"966","chickpeas",100
"967","chickpeas",90
"968","chickpeas",84
"969","chickpeas",52
"970","dark_chocolate",-20
"971","dark_chocolate",-10
"972","dark_chocolate",0
"973","dark_chocolate",-16
"974","dark_chocolate",-10
"975","dark_chocolate",33
"976","dark_chocolate",-3
"977","dark_chocolate",36
"978","dark_chocolate",53
"979","dark_chocolate",90
"980","dark_chocolate",20
"981","dark_chocolate",2
"982","dark_chocolate",-1
"983","dark_chocolate",40
"984","dark_chocolate",-76
"985","dark_chocolate",60
"986","dark_chocolate",44
"987","dark_chocolate",-15
"988","dark_chocolate",-16
"989","chorizo",-85
"990","chorizo",-15
"991","chorizo",-40
"992","chorizo",-43
"993","chorizo",14
"994","chorizo",-50
"995","chorizo",-49
"996","chorizo",-30
"997","chorizo",-31
"998","chorizo",56
"999","chorizo",-30
"1000","chorizo",-15
"1001","chorizo",-71
"1002","chorizo",0
"1003","chorizo",-35
"1004","chorizo",-70
"1005","chorizo",40
"1006","chorizo",-93
"1007","chorizo",-32
"1008","churros",-93
"1009","churros",-51
"1010","churros",-100
"1011","churros",-75
"1012","churros",-48
"1013","churros",-88
"1014","churros",-50
"1015","churros",-58
"1016","churros",-38
"1017","churros",-100
"1018","churros",-70
"1019","churros",-100
"1020","churros",-97
"1021","churros",-50
"1022","churros",-75
"1023","churros",-100
"1024","churros",-40
"1025","churros",-79
"1026","churros",-84
"1027","clam_chowder",-11
"1028","clam_chowder",0
"1029","clam_chowder",35
"1030","clam_chowder",-10
"1031","clam_chowder",3
"1032","clam_chowder",74
"1033","clam_chowder",-45
"1034","clam_chowder",11
"1035","clam_chowder",45
"1036","clam_chowder",33
"1037","clam_chowder",60
"1038","clam_chowder",10
"1039","clam_chowder",-67
"1040","clam_chowder",0
"1041","clam_chowder",16
"1042","clam_chowder",-25
"1043","clam_chowder",NA
"1044","clam_chowder",-45
"1045","clam_chowder",31
"1046","coconut_milk",45
"1047","coconut_milk",-2
"1048","coconut_milk",0
"1049","coconut_milk",-19
"1050","coconut_milk",7
"1051","coconut_milk",-35
"1052","coconut_milk",-34
"1053","coconut_milk",4
"1054","coconut_milk",30
"1055","coconut_milk",100
"1056","coconut_milk",30
"1057","coconut_milk",8
"1058","coconut_milk",6
"1059","coconut_milk",10
"1060","coconut_milk",-41
"1061","coconut_milk",-20
"1062","coconut_milk",-30
"1063","coconut_milk",1
"1064","coconut_milk",14
"1065","espresso",0
"1066","espresso",0
"1067","espresso",-20
"1068","espresso",1
"1069","espresso",0
"1070","espresso",0
"1071","espresso",-1
"1072","espresso",-13
"1073","espresso",-34
"1074","espresso",100
"1075","espresso",-30
"1076","espresso",0
"1077","espresso",-1
"1078","espresso",0
"1079","espresso",7
"1080","espresso",50
"1081","espresso",0
"1082","espresso",-18
"1083","espresso",0
"1084","mocha",0
"1085","mocha",-36
"1086","mocha",-15
"1087","mocha",1
"1088","mocha",-25
"1089","mocha",17
"1090","mocha",-5
"1091","mocha",-22
"1092","mocha",-73
"1093","mocha",75
"1094","mocha",-70
"1095","mocha",0
"1096","mocha",-30
"1097","mocha",NA
"1098","mocha",10
"1099","mocha",-50
"1100","mocha",-30
"1101","mocha",-30
"1102","mocha",-76
"1103","biscotti",-44
"1104","biscotti",-10
"1105","biscotti",-5
"1106","biscotti",-43
"1107","biscotti",-21
"1108","biscotti",-70
"1109","biscotti",-53
"1110","biscotti",-33
"1111","biscotti",-24
"1112","biscotti",-100
"1113","biscotti",-70
"1114","biscotti",-20
"1115","biscotti",-89
"1116","biscotti",-15
"1117","biscotti",-32
"1118","biscotti",-100
"1119","biscotti",-27
"1120","biscotti",-47
"1121","biscotti",-34
"1122","smores",-70
"1123","smores",-40
"1124","smores",-40
"1125","smores",-74
"1126","smores",-42
"1127","smores",-100
"1128","smores",-54
"1129","smores",-58
"1130","smores",-53
"1131","smores",-100
"1132","smores",-80
"1133","smores",-87
"1134","smores",-90
"1135","smores",NA
"1136","smores",-48
"1137","smores",-100
"1138","smores",-90
"1139","smores",-93
"1140","smores",-59
"1141","macaroon",-35
"1142","macaroon",-30
"1143","macaroon",-10
"1144","macaroon",-48
"1145","macaroon",-9
"1146","macaroon",-80
"1147","macaroon",-50
"1148","macaroon",-22
"1149","macaroon",-39
"1150","macaroon",-100
"1151","macaroon",-60
"1152","macaroon",-29
"1153","macaroon",-71
"1154","macaroon",-10
"1155","macaroon",-30
"1156","macaroon",-100
"1157","macaroon",-31
"1158","macaroon",-55
"1159","macaroon",-52
"1160","oatmeal_raisin_cookie",-41
"1161","oatmeal_raisin_cookie",-6
"1162","oatmeal_raisin_cookie",15
"1163","oatmeal_raisin_cookie",-38
"1164","oatmeal_raisin_cookie",-24
"1165","oatmeal_raisin_cookie",2
"1166","oatmeal_raisin_cookie",-30
"1167","oatmeal_raisin_cookie",11
"1168","oatmeal_raisin_cookie",-20
"1169","oatmeal_raisin_cookie",-100
"1170","oatmeal_raisin_cookie",-30
"1171","oatmeal_raisin_cookie",-10
"1172","oatmeal_raisin_cookie",-61
"1173","oatmeal_raisin_cookie",10
"1174","oatmeal_raisin_cookie",10
"1175","oatmeal_raisin_cookie",-50
"1176","oatmeal_raisin_cookie",-20
"1177","oatmeal_raisin_cookie",-34
"1178","oatmeal_raisin_cookie",-63
"1179","peanut_butter_cookie",-73
"1180","peanut_butter_cookie",-30
"1181","peanut_butter_cookie",-50
"1182","peanut_butter_cookie",-44
"1183","peanut_butter_cookie",-38
"1184","peanut_butter_cookie",-40
"1185","peanut_butter_cookie",-50
"1186","peanut_butter_cookie",-29
"1187","peanut_butter_cookie",-35
"1188","peanut_butter_cookie",-100
"1189","peanut_butter_cookie",-20
"1190","peanut_butter_cookie",-14
"1191","peanut_butter_cookie",-80
"1192","peanut_butter_cookie",-15
"1193","peanut_butter_cookie",-69
"1194","peanut_butter_cookie",-100
"1195","peanut_butter_cookie",-24
"1196","peanut_butter_cookie",-32
"1197","peanut_butter_cookie",-78
"1198","shortbread_cookie",-90
"1199","shortbread_cookie",-30
"1200","shortbread_cookie",-25
"1201","shortbread_cookie",-52
"1202","shortbread_cookie",-36
"1203","shortbread_cookie",-60
"1204","shortbread_cookie",-49
"1205","shortbread_cookie",-52
"1206","shortbread_cookie",-36
"1207","shortbread_cookie",-100
"1208","shortbread_cookie",-60
"1209","shortbread_cookie",-37
"1210","shortbread_cookie",-100
"1211","shortbread_cookie",-20
"1212","shortbread_cookie",-72
"1213","shortbread_cookie",-100
"1214","shortbread_cookie",-52
"1215","shortbread_cookie",-50
"1216","shortbread_cookie",-47
"1217","corn_flakes",61
"1218","corn_flakes",35
"1219","corn_flakes",30
"1220","corn_flakes",-14
"1221","corn_flakes",10
"1222","corn_flakes",75
"1223","corn_flakes",-34
"1224","corn_flakes",15
"1225","corn_flakes",28
"1226","corn_flakes",-100
"1227","corn_flakes",50
"1228","corn_flakes",-11
"1229","corn_flakes",19
"1230","corn_flakes",-10
"1231","corn_flakes",58
"1232","corn_flakes",-75
"1233","corn_flakes",64
"1234","corn_flakes",-33
"1235","corn_flakes",0
"1236","corn",0
"1237","corn",74
"1238","corn",100
"1239","corn",-29
"1240","corn",57
"1241","corn",100
"1242","corn",100
"1243","corn",100
"1244","corn",100
"1245","corn",100
"1246","corn",50
"1247","corn",43
"1248","corn",70
"1249","corn",30
"1250","corn",63
"1251","corn",100
"1252","corn",89
"1253","corn",-25
"1254","corn",67
"1255","crab_cake",-20
"1256","crab_cake",-6
"1257","crab_cake",0
"1258","crab_cake",62
"1259","crab_cake",9
"1260","crab_cake",78
"1261","crab_cake",-11
"1262","crab_cake",38
"1263","crab_cake",52
"1264","crab_cake",52
"1265","crab_cake",20
"1266","crab_cake",61
"1267","crab_cake",-9
"1268","crab_cake",14
"1269","crab_cake",16
"1270","crab_cake",-25
"1271","crab_cake",39
"1272","crab_cake",-43
"1273","crab_cake",30
"1274","cranberries",100
"1275","cranberries",61
"1276","cranberries",100
"1277","cranberries",0
"1278","cranberries",63
"1279","cranberries",90
"1280","cranberries",72
"1281","cranberries",72
"1282","cranberries",100
"1283","cranberries",100
"1284","cranberries",80
"1285","cranberries",100
"1286","cranberries",69
"1287","cranberries",59
"1288","cranberries",95
"1289","cranberries",100
"1290","cranberries",100
"1291","cranberries",35
"1292","cranberries",33
"1293","whipped_cream",-100
"1294","whipped_cream",-28
"1295","whipped_cream",-70
"1296","whipped_cream",-58
"1297","whipped_cream",-17
"1298","whipped_cream",-100
"1299","whipped_cream",-50
"1300","whipped_cream",-51
"1301","whipped_cream",-48
"1302","whipped_cream",0
"1303","whipped_cream",-80
"1304","whipped_cream",-79
"1305","whipped_cream",-100
"1306","whipped_cream",-20
"1307","whipped_cream",-56
"1308","whipped_cream",-30
"1309","whipped_cream",40
"1310","whipped_cream",-92
"1311","whipped_cream",-83
"1312","crepe",-53
"1313","crepe",-13
"1314","crepe",-20
"1315","crepe",-10
"1316","crepe",24
"1317","crepe",-23
"1318","crepe",-50
"1319","crepe",10
"1320","crepe",-33
"1321","crepe",-100
"1322","crepe",-60
"1323","crepe",-6
"1324","crepe",-19
"1325","crepe",-10
"1326","crepe",-49
"1327","crepe",-50
"1328","crepe",39
"1329","crepe",-75
"1330","crepe",0
"1331","croissant",-100
"1332","croissant",-63
"1333","croissant",-50
"1334","croissant",-44
"1335","croissant",-33
"1336","croissant",-30
"1337","croissant",-50
"1338","croissant",-45
"1339","croissant",-53
"1340","croissant",-100
"1341","croissant",-80
"1342","croissant",-10
"1343","croissant",-90
"1344","croissant",-15
"1345","croissant",-70
"1346","croissant",-100
"1347","croissant",-37
"1348","croissant",-95
"1349","croissant",-78
"1350","cucumber",100
"1351","cucumber",100
"1352","cucumber",100
"1353","cucumber",1
"1354","cucumber",82
"1355","cucumber",100
"1356","cucumber",100
"1357","cucumber",100
"1358","cucumber",100
"1359","cucumber",80
"1360","cucumber",95
"1361","cucumber",100
"1362","cucumber",100
"1363","cucumber",50
"1364","cucumber",100
"1365","cucumber",100
"1366","cucumber",100
"1367","cucumber",89
"1368","cucumber",44
"1369","donut",-100
"1370","donut",-50
"1371","donut",-60
"1372","donut",-75
"1373","donut",-53
"1374","donut",-95
"1375","donut",-53
"1376","donut",-45
"1377","donut",-28
"1378","donut",-100
"1379","donut",-80
"1380","donut",-94
"1381","donut",-100
"1382","donut",-40
"1383","donut",-56
"1384","donut",-100
"1385","donut",-40
"1386","donut",-74
"1387","donut",-93
"1388","duck",-69
"1389","duck",-10
"1390","duck",35
"1391","duck",-15
"1392","duck",24
"1393","duck",45
"1394","duck",31
"1395","duck",8
"1396","duck",55
"1397","duck",100
"1398","duck",10
"1399","duck",14
"1400","duck",-18
"1401","duck",-9
"1402","duck",52
"1403","duck",-30
"1404","duck",59
"1405","duck",33
"1406","duck",27
"1407","dumpling",-36
"1408","dumpling",-41
"1409","dumpling",20
"1410","dumpling",-23
"1411","dumpling",-6
"1412","dumpling",-70
"1413","dumpling",-22
"1414","dumpling",6
"1415","dumpling",-41
"1416","dumpling",-100
"1417","dumpling",10
"1418","dumpling",-23
"1419","dumpling",-85
"1420","dumpling",-15
"1421","dumpling",-70
"1422","dumpling",-50
"1423","dumpling",-46
"1424","dumpling",-66
"1425","dumpling",29
"1426","scrambled_eggs",88
"1427","scrambled_eggs",28
"1428","scrambled_eggs",50
"1429","scrambled_eggs",81
"1430","scrambled_eggs",43
"1431","scrambled_eggs",82
"1432","scrambled_eggs",90
"1433","scrambled_eggs",50
"1434","scrambled_eggs",49
"1435","scrambled_eggs",100
"1436","scrambled_eggs",80
"1437","scrambled_eggs",39
"1438","scrambled_eggs",50
"1439","scrambled_eggs",50
"1440","scrambled_eggs",63
"1441","scrambled_eggs",100
"1442","scrambled_eggs",71
"1443","scrambled_eggs",19
"1444","scrambled_eggs",29
"1445","egg_omelet",48
"1446","egg_omelet",39
"1447","egg_omelet",40
"1448","egg_omelet",1
"1449","egg_omelet",36
"1450","egg_omelet",90
"1451","egg_omelet",73
"1452","egg_omelet",60
"1453","egg_omelet",61
"1454","egg_omelet",100
"1455","egg_omelet",70
"1456","egg_omelet",61
"1457","egg_omelet",70
"1458","egg_omelet",30
"1459","egg_omelet",37
"1460","egg_omelet",20
"1461","egg_omelet",50
"1462","egg_omelet",45
"1463","egg_omelet",53
"1464","eggnog",-42
"1465","eggnog",0
"1466","eggnog",-100
"1467","eggnog",-44
"1468","eggnog",-22
"1469","eggnog",-90
"1470","eggnog",-1
"1471","eggnog",-39
"1472","eggnog",-64
"1473","eggnog",-100
"1474","eggnog",-10
"1475","eggnog",-31
"1476","eggnog",-90
"1477","eggnog",-19
"1478","eggnog",4
"1479","eggnog",-50
"1480","eggnog",-40
"1481","eggnog",-74
"1482","eggnog",NA
"1483","fajita",-10
"1484","fajita",0
"1485","fajita",-15
"1486","fajita",0
"1487","fajita",24
"1488","fajita",88
"1489","fajita",-1
"1490","fajita",76
"1491","fajita",39
"1492","fajita",52
"1493","fajita",30
"1494","fajita",17
"1495","fajita",-63
"1496","fajita",15
"1497","fajita",18
"1498","fajita",-60
"1499","fajita",60
"1500","fajita",-66
"1501","fajita",44
"1502","fig",100
"1503","fig",100
"1504","fig",100
"1505","fig",3
"1506","fig",52
"1507","fig",100
"1508","fig",93
"1509","fig",63
"1510","fig",100
"1511","fig",-29
"1512","fig",80
"1513","fig",25
"1514","fig",87
"1515","fig",60
"1516","fig",100
"1517","fig",100
"1518","fig",70
"1519","fig",65
"1520","fig",23
"1521","hazelnuts",75
"1522","hazelnuts",81
"1523","hazelnuts",30
"1524","hazelnuts",2
"1525","hazelnuts",23
"1526","hazelnuts",100
"1527","hazelnuts",90
"1528","hazelnuts",92
"1529","hazelnuts",94
"1530","hazelnuts",100
"1531","hazelnuts",50
"1532","hazelnuts",32
"1533","hazelnuts",80
"1534","hazelnuts",30
"1535","hazelnuts",14
"1536","hazelnuts",100
"1537","hazelnuts",65
"1538","hazelnuts",36
"1539","hazelnuts",31
"1540","trout",77
"1541","trout",70
"1542","trout",50
"1543","trout",3
"1544","trout",53
"1545","trout",100
"1546","trout",68
"1547","trout",75
"1548","trout",94
"1549","trout",100
"1550","trout",40
"1551","trout",43
"1552","trout",81
"1553","trout",60
"1554","trout",89
"1555","trout",100
"1556","trout",76
"1557","trout",70
"1558","trout",70
"1559","flax_seeds",100
"1560","flax_seeds",32
"1561","flax_seeds",50
"1562","flax_seeds",0
"1563","flax_seeds",38
"1564","flax_seeds",78
"1565","flax_seeds",69
"1566","flax_seeds",83
"1567","flax_seeds",47
"1568","flax_seeds",55
"1569","flax_seeds",70
"1570","flax_seeds",63
"1571","flax_seeds",96
"1572","flax_seeds",61
"1573","flax_seeds",100
"1574","flax_seeds",100
"1575","flax_seeds",100
"1576","flax_seeds",50
"1577","flax_seeds",40
"1578","flaxseed_oil",81
"1579","flaxseed_oil",50
"1580","flaxseed_oil",0
"1581","flaxseed_oil",-4
"1582","flaxseed_oil",19
"1583","flaxseed_oil",80
"1584","flaxseed_oil",37
"1585","flaxseed_oil",4
"1586","flaxseed_oil",47
"1587","flaxseed_oil",100
"1588","flaxseed_oil",30
"1589","flaxseed_oil",30
"1590","flaxseed_oil",16
"1591","flaxseed_oil",60
"1592","flaxseed_oil",65
"1593","flaxseed_oil",100
"1594","flaxseed_oil",77
"1595","flaxseed_oil",-12
"1596","flaxseed_oil",22
"1597","french_toast",-72
"1598","french_toast",-52
"1599","french_toast",-20
"1600","french_toast",-21
"1601","french_toast",-15
"1602","french_toast",30
"1603","french_toast",-52
"1604","french_toast",-52
"1605","french_toast",49
"1606","french_toast",-100
"1607","french_toast",-20
"1608","french_toast",-30
"1609","french_toast",-49
"1610","french_toast",10
"1611","french_toast",14
"1612","french_toast",-100
"1613","french_toast",-90
"1614","french_toast",-95
"1615","french_toast",-50
"1616","potato_gnocchi",22
"1617","potato_gnocchi",11
"1618","potato_gnocchi",0
"1619","potato_gnocchi",-9
"1620","potato_gnocchi",19
"1621","potato_gnocchi",81
"1622","potato_gnocchi",4
"1623","potato_gnocchi",43
"1624","potato_gnocchi",35
"1625","potato_gnocchi",-100
"1626","potato_gnocchi",40
"1627","potato_gnocchi",23
"1628","potato_gnocchi",-1
"1629","potato_gnocchi",0
"1630","potato_gnocchi",31
"1631","potato_gnocchi",-20
"1632","potato_gnocchi",NA
"1633","potato_gnocchi",-9
"1634","potato_gnocchi",22
"1635","granola_bar",-6
"1636","granola_bar",0
"1637","granola_bar",15
"1638","granola_bar",26
"1639","granola_bar",-1
"1640","granola_bar",51
"1641","granola_bar",-25
"1642","granola_bar",19
"1643","granola_bar",-18
"1644","granola_bar",0
"1645","granola_bar",20
"1646","granola_bar",0
"1647","granola_bar",-26
"1648","granola_bar",40
"1649","granola_bar",7
"1650","granola_bar",-10
"1651","granola_bar",30
"1652","granola_bar",-28
"1653","granola_bar",-17
"1654","grapes",100
"1655","grapes",50
"1656","grapes",100
"1657","grapes",0
"1658","grapes",66
"1659","grapes",100
"1660","grapes",100
"1661","grapes",83
"1662","grapes",100
"1663","grapes",-100
"1664","grapes",80
"1665","grapes",81
"1666","grapes",76
"1667","grapes",50
"1668","grapes",100
"1669","grapes",100
"1670","grapes",91
"1671","grapes",NA
"1672","grapes",58
"1673","guacamole",21
"1674","guacamole",26
"1675","guacamole",26
"1676","guacamole",52
"1677","guacamole",36
"1678","guacamole",60
"1679","guacamole",33
"1680","guacamole",70
"1681","guacamole",58
"1682","guacamole",58
"1683","guacamole",30
"1684","guacamole",50
"1685","guacamole",-1
"1686","guacamole",50
"1687","guacamole",35
"1688","guacamole",-10
"1689","guacamole",61
"1690","guacamole",-24
"1691","guacamole",28
"1692","smoked_ham",-33
"1693","smoked_ham",0
"1694","smoked_ham",-10
"1695","smoked_ham",-44
"1696","smoked_ham",19
"1697","smoked_ham",-30
"1698","smoked_ham",-44
"1699","smoked_ham",-20
"1700","smoked_ham",-26
"1701","smoked_ham",-31
"1702","smoked_ham",-40
"1703","smoked_ham",-20
"1704","smoked_ham",-1
"1705","smoked_ham",-10
"1706","smoked_ham",-75
"1707","smoked_ham",-60
"1708","smoked_ham",40
"1709","smoked_ham",-68
"1710","smoked_ham",22
"1711","hamburger",-50
"1712","hamburger",-16
"1713","hamburger",-50
"1714","hamburger",-29
"1715","hamburger",-17
"1716","hamburger",10
"1717","hamburger",-50
"1718","hamburger",17
"1719","hamburger",34
"1720","hamburger",41
"1721","hamburger",-50
"1722","hamburger",-94
"1723","hamburger",-13
"1724","hamburger",0
"1725","hamburger",-79
"1726","hamburger",-100
"1727","hamburger",-80
"1728","hamburger",-83
"1729","hamburger",-52
"1730","honey",-70
"1731","honey",0
"1732","honey",-10
"1733","honey",3
"1734","honey",-12
"1735","honey",-22
"1736","honey",-30
"1737","honey",3
"1738","honey",-32
"1739","honey",-100
"1740","honey",20
"1741","honey",20
"1742","honey",-100
"1743","honey",5
"1744","honey",6
"1745","honey",-80
"1746","honey",38
"1747","honey",-15
"1748","honey",-41
"1749","honeydew_melon",100
"1750","honeydew_melon",50
"1751","honeydew_melon",100
"1752","honeydew_melon",0
"1753","honeydew_melon",63
"1754","honeydew_melon",100
"1755","honeydew_melon",100
"1756","honeydew_melon",88
"1757","honeydew_melon",100
"1758","honeydew_melon",-65
"1759","honeydew_melon",90
"1760","honeydew_melon",64
"1761","honeydew_melon",92
"1762","honeydew_melon",60
"1763","honeydew_melon",100
"1764","honeydew_melon",100
"1765","honeydew_melon",100
"1766","honeydew_melon",74
"1767","honeydew_melon",46
"1768","hummus",29
"1769","hummus",98
"1770","hummus",30
"1771","hummus",5
"1772","hummus",37
"1773","hummus",86
"1774","hummus",64
"1775","hummus",67
"1776","hummus",55
"1777","hummus",100
"1778","hummus",40
"1779","hummus",46
"1780","hummus",41
"1781","hummus",26
"1782","hummus",12
"1783","hummus",50
"1784","hummus",40
"1785","hummus",37
"1786","hummus",26
"1787","ice_cream",-94
"1788","ice_cream",-30
"1789","ice_cream",-50
"1790","ice_cream",-49
"1791","ice_cream",-26
"1792","ice_cream",-20
"1793","ice_cream",-50
"1794","ice_cream",-18
"1795","ice_cream",-24
"1796","ice_cream",6
"1797","ice_cream",-80
"1798","ice_cream",-23
"1799","ice_cream",-100
"1800","ice_cream",-15
"1801","ice_cream",-20
"1802","ice_cream",-100
"1803","ice_cream",41
"1804","ice_cream",-56
"1805","ice_cream",-34
"1806","jam",-77
"1807","jam",0
"1808","jam",-10
"1809","jam",-35
"1810","jam",-5
"1811","jam",-65
"1812","jam",-50
"1813","jam",-16
"1814","jam",-28
"1815","jam",-15
"1816","jam",0
"1817","jam",6
"1818","jam",-91
"1819","jam",-60
"1820","jam",10
"1821","jam",-100
"1822","jam",10
"1823","jam",-34
"1824","jam",-34
"1825","kale",100
"1826","kale",100
"1827","kale",100
"1828","kale",0
"1829","kale",67
"1830","kale",100
"1831","kale",100
"1832","kale",100
"1833","kale",99
"1834","kale",100
"1835","kale",90
"1836","kale",100
"1837","kale",100
"1838","kale",60
"1839","kale",100
"1840","kale",100
"1841","kale",100
"1842","kale",79
"1843","kale",85
"1844","kit_kat",-66
"1845","kit_kat",-20
"1846","kit_kat",-31
"1847","kit_kat",-63
"1848","kit_kat",-34
"1849","kit_kat",-76
"1850","kit_kat",-54
"1851","kit_kat",-31
"1852","kit_kat",-24
"1853","kit_kat",0
"1854","kit_kat",-50
"1855","kit_kat",0
"1856","kit_kat",-93
"1857","kit_kat",-20
"1858","kit_kat",-63
"1859","kit_kat",-100
"1860","kit_kat",-69
"1861","kit_kat",-81
"1862","kit_kat",-72
"1863","kiwi_fruit",100
"1864","kiwi_fruit",70
"1865","kiwi_fruit",100
"1866","kiwi_fruit",81
"1867","kiwi_fruit",50
"1868","kiwi_fruit",100
"1869","kiwi_fruit",100
"1870","kiwi_fruit",82
"1871","kiwi_fruit",100
"1872","kiwi_fruit",100
"1873","kiwi_fruit",80
"1874","kiwi_fruit",96
"1875","kiwi_fruit",92
"1876","kiwi_fruit",60
"1877","kiwi_fruit",100
"1878","kiwi_fruit",100
"1879","kiwi_fruit",100
"1880","kiwi_fruit",NA
"1881","kiwi_fruit",41
"1882","roasted_lamb",-12
"1883","roasted_lamb",0
"1884","roasted_lamb",45
"1885","roasted_lamb",-10
"1886","roasted_lamb",51
"1887","roasted_lamb",80
"1888","roasted_lamb",80
"1889","roasted_lamb",30
"1890","roasted_lamb",62
"1891","roasted_lamb",44
"1892","roasted_lamb",30
"1893","roasted_lamb",15
"1894","roasted_lamb",51
"1895","roasted_lamb",-20
"1896","roasted_lamb",14
"1897","roasted_lamb",-30
"1898","roasted_lamb",43
"1899","roasted_lamb",-56
"1900","roasted_lamb",35
"1901","lard",-100
"1902","lard",-100
"1903","lard",-100
"1904","lard",-81
"1905","lard",-83
"1906","lard",-100
"1907","lard",-100
"1908","lard",-97
"1909","lard",-51
"1910","lard",0
"1911","lard",-95
"1912","lard",-100
"1913","lard",-100
"1914","lard",-20
"1915","lard",-86
"1916","lard",-100
"1917","lard",-100
"1918","lard",-27
"1919","lard",-71
"1920","lasagna",-17
"1921","lasagna",18
"1922","lasagna",-30
"1923","lasagna",-1
"1924","lasagna",36
"1925","lasagna",52
"1926","lasagna",17
"1927","lasagna",39
"1928","lasagna",58
"1929","lasagna",-100
"1930","lasagna",-5
"1931","lasagna",-17
"1932","lasagna",1
"1933","lasagna",20
"1934","lasagna",-30
"1935","lasagna",-70
"1936","lasagna",29
"1937","lasagna",-84
"1938","lasagna",20
"1939","lemonade",-59
"1940","lemonade",-100
"1941","lemonade",-40
"1942","lemonade",-71
"1943","lemonade",-34
"1944","lemonade",-94
"1945","lemonade",-100
"1946","lemonade",-75
"1947","lemonade",-43
"1948","lemonade",-100
"1949","lemonade",-40
"1950","lemonade",-43
"1951","lemonade",-100
"1952","lemonade",-15
"1953","lemonade",7
"1954","lemonade",-50
"1955","lemonade",-71
"1956","lemonade",-63
"1957","lemonade",-11
"1958","lettuce",100
"1959","lettuce",85
"1960","lettuce",100
"1961","lettuce",-1
"1962","lettuce",64
"1963","lettuce",100
"1964","lettuce",100
"1965","lettuce",100
"1966","lettuce",0
"1967","lettuce",0
"1968","lettuce",95
"1969","lettuce",86
"1970","lettuce",100
"1971","lettuce",60
"1972","lettuce",100
"1973","lettuce",100
"1974","lettuce",100
"1975","lettuce",86
"1976","lettuce",23
"1977","lime",100
"1978","lime",31
"1979","lime",20
"1980","lime",13
"1981","lime",44
"1982","lime",100
"1983","lime",12
"1984","lime",68
"1985","lime",100
"1986","lime",100
"1987","lime",60
"1988","lime",30
"1989","lime",79
"1990","lime",50
"1991","lime",100
"1992","lime",100
"1993","lime",100
"1994","lime",80
"1995","lime",12
"1996","macaroni_cheese",-61
"1997","macaroni_cheese",-48
"1998","macaroni_cheese",-26
"1999","macaroni_cheese",-13
"2000","macaroni_cheese",14
"2001","macaroni_cheese",43
"2002","macaroni_cheese",-21
"2003","macaroni_cheese",23
"2004","macaroni_cheese",36
"2005","macaroni_cheese",-46
"2006","macaroni_cheese",-90
"2007","macaroni_cheese",-6
"2008","macaroni_cheese",-93
"2009","macaroni_cheese",20
"2010","macaroni_cheese",-14
"2011","macaroni_cheese",-100
"2012","macaroni_cheese",19
"2013","macaroni_cheese",-60
"2014","macaroni_cheese",-24
"2015","mango",100
"2016","mango",54
"2017","mango",100
"2018","mango",25
"2019","mango",67
"2020","mango",89
"2021","mango",91
"2022","mango",83
"2023","mango",100
"2024","mango",84
"2025","mango",90
"2026","mango",96
"2027","mango",94
"2028","mango",60
"2029","mango",100
"2030","mango",100
"2031","mango",100
"2032","mango",45
"2033","mango",37
"2034","margarita",-3
"2035","margarita",-64
"2036","margarita",-40
"2037","margarita",-23
"2038","margarita",-55
"2039","margarita",41
"2040","margarita",-52
"2041","margarita",-60
"2042","margarita",-100
"2043","margarita",-100
"2044","margarita",-35
"2045","margarita",-81
"2046","margarita",-97
"2047","margarita",-30
"2048","margarita",-38
"2049","margarita",-100
"2050","margarita",-30
"2051","margarita",-76
"2052","margarita",-28
"2053","marshmallow",-100
"2054","marshmallow",-14
"2055","marshmallow",0
"2056","marshmallow",-61
"2057","marshmallow",-67
"2058","marshmallow",-100
"2059","marshmallow",-85
"2060","marshmallow",-44
"2061","marshmallow",NA
"2062","marshmallow",-100
"2063","marshmallow",-60
"2064","marshmallow",-37
"2065","marshmallow",-100
"2066","marshmallow",-15
"2067","marshmallow",-29
"2068","marshmallow",-100
"2069","marshmallow",-68
"2070","marshmallow",-68
"2071","marshmallow",-33
"2072","mayonnaise",-84
"2073","mayonnaise",-21
"2074","mayonnaise",-10
"2075","mayonnaise",-28
"2076","mayonnaise",0
"2077","mayonnaise",-61
"2078","mayonnaise",-20
"2079","mayonnaise",-51
"2080","mayonnaise",-22
"2081","mayonnaise",-100
"2082","mayonnaise",5
"2083","mayonnaise",-20
"2084","mayonnaise",-100
"2085","mayonnaise",-5
"2086","mayonnaise",-27
"2087","mayonnaise",-15
"2088","mayonnaise",-32
"2089","mayonnaise",-96
"2090","mayonnaise",-24
"2091","milkshake",-20
"2092","milkshake",0
"2093","milkshake",-23
"2094","milkshake",-17
"2095","milkshake",-13
"2096","milkshake",43
"2097","milkshake",-8
"2098","milkshake",14
"2099","milkshake",-22
"2100","milkshake",16
"2101","milkshake",-15
"2102","milkshake",0
"2103","milkshake",-39
"2104","milkshake",-5
"2105","milkshake",7
"2106","milkshake",-75
"2107","milkshake",33
"2108","milkshake",-83
"2109","milkshake",7
"2110","soy_milk",61
"2111","soy_milk",51
"2112","soy_milk",0
"2113","soy_milk",-1
"2114","soy_milk",41
"2115","soy_milk",82
"2116","soy_milk",57
"2117","soy_milk",48
"2118","soy_milk",41
"2119","soy_milk",90
"2120","soy_milk",25
"2121","soy_milk",31
"2122","soy_milk",31
"2123","soy_milk",0
"2124","soy_milk",26
"2125","soy_milk",80
"2126","soy_milk",80
"2127","soy_milk",0
"2128","soy_milk",33
"2129","mousse",-26
"2130","mousse",-12
"2131","mousse",0
"2132","mousse",-49
"2133","mousse",-33
"2134","mousse",-75
"2135","mousse",-58
"2136","mousse",-49
"2137","mousse",-29
"2138","mousse",-100
"2139","mousse",-50
"2140","mousse",-4
"2141","mousse",-86
"2142","mousse",-20
"2143","mousse",-48
"2144","mousse",-100
"2145","mousse",24
"2146","mousse",-87
"2147","mousse",-46
"2148","english_muffin",63
"2149","english_muffin",0
"2150","english_muffin",10
"2151","english_muffin",-21
"2152","english_muffin",0
"2153","english_muffin",61
"2154","english_muffin",-25
"2155","english_muffin",3
"2156","english_muffin",-28
"2157","english_muffin",-100
"2158","english_muffin",30
"2159","english_muffin",10
"2160","english_muffin",60
"2161","english_muffin",10
"2162","english_muffin",25
"2163","english_muffin",-70
"2164","english_muffin",38
"2165","english_muffin",-43
"2166","english_muffin",-46
"2167","mussels",41
"2168","mussels",33
"2169","mussels",NA
"2170","mussels",-1
"2171","mussels",36
"2172","mussels",81
"2173","mussels",5
"2174","mussels",33
"2175","mussels",39
"2176","mussels",100
"2177","mussels",20
"2178","mussels",6
"2179","mussels",100
"2180","mussels",30
"2181","mussels",86
"2182","mussels",60
"2183","mussels",50
"2184","mussels",-43
"2185","mussels",33
"2186","naan",-18
"2187","naan",-13
"2188","naan",25
"2189","naan",-7
"2190","naan",-11
"2191","naan",39
"2192","naan",-18
"2193","naan",20
"2194","naan",55
"2195","naan",-100
"2196","naan",-20
"2197","naan",-28
"2198","naan",-61
"2199","naan",-6
"2200","naan",-32
"2201","naan",-80
"2202","naan",36
"2203","naan",-25
"2204","naan",-37
"2205","oatmeal",100
"2206","oatmeal",36
"2207","oatmeal",42
"2208","oatmeal",-2
"2209","oatmeal",24
"2210","oatmeal",89
"2211","oatmeal",51
"2212","oatmeal",40
"2213","oatmeal",43
"2214","oatmeal",14
"2215","oatmeal",40
"2216","oatmeal",86
"2217","oatmeal",75
"2218","oatmeal",30
"2219","oatmeal",32
"2220","oatmeal",100
"2221","oatmeal",84
"2222","oatmeal",0
"2223","oatmeal",18
"2224","okra",100
"2225","okra",82
"2226","okra",100
"2227","okra",14
"2228","okra",49
"2229","okra",100
"2230","okra",55
"2231","okra",23
"2232","okra",100
"2233","okra",50
"2234","okra",80
"2235","okra",NA
"2236","okra",100
"2237","okra",60
"2238","okra",100
"2239","okra",100
"2240","okra",100
"2241","okra",74
"2242","okra",58
"2243","olives",64
"2244","olives",36
"2245","olives",15
"2246","olives",6
"2247","olives",33
"2248","olives",87
"2249","olives",18
"2250","olives",42
"2251","olives",100
"2252","olives",64
"2253","olives",10
"2254","olives",70
"2255","olives",-1
"2256","olives",40
"2257","olives",72
"2258","olives",-45
"2259","olives",100
"2260","olives",44
"2261","olives",19
"2262","onion_rings",-100
"2263","onion_rings",-20
"2264","onion_rings",-20
"2265","onion_rings",-64
"2266","onion_rings",-36
"2267","onion_rings",-91
"2268","onion_rings",-52
"2269","onion_rings",-30
"2270","onion_rings",-26
"2271","onion_rings",-100
"2272","onion_rings",-70
"2273","onion_rings",-51
"2274","onion_rings",-95
"2275","onion_rings",-15
"2276","onion_rings",-58
"2277","onion_rings",-100
"2278","onion_rings",-48
"2279","onion_rings",-85
"2280","onion_rings",-69
"2281","french_onion_soup",22
"2282","french_onion_soup",12
"2283","french_onion_soup",36
"2284","french_onion_soup",22
"2285","french_onion_soup",-1
"2286","french_onion_soup",17
"2287","french_onion_soup",9
"2288","french_onion_soup",27
"2289","french_onion_soup",59
"2290","french_onion_soup",3
"2291","french_onion_soup",20
"2292","french_onion_soup",35
"2293","french_onion_soup",1
"2294","french_onion_soup",49
"2295","french_onion_soup",27
"2296","french_onion_soup",-30
"2297","french_onion_soup",40
"2298","french_onion_soup",-75
"2299","french_onion_soup",21
"2300","orange",100
"2301","orange",61
"2302","orange",100
"2303","orange",27
"2304","orange",75
"2305","orange",100
"2306","orange",100
"2307","orange",80
"2308","orange",100
"2309","orange",100
"2310","orange",85
"2311","orange",100
"2312","orange",97
"2313","orange",61
"2314","orange",100
"2315","orange",100
"2316","orange",100
"2317","orange",83
"2318","orange",43
"2319","oysters",22
"2320","oysters",29
"2321","oysters",0
"2322","oysters",-1
"2323","oysters",0
"2324","oysters",82
"2325","oysters",4
"2326","oysters",10
"2327","oysters",39
"2328","oysters",100
"2329","oysters",20
"2330","oysters",5
"2331","oysters",91
"2332","oysters",40
"2333","oysters",79
"2334","oysters",60
"2335","oysters",39
"2336","oysters",-49
"2337","oysters",36
"2338","pad_thai",71
"2339","pad_thai",19
"2340","pad_thai",-15
"2341","pad_thai",-53
"2342","pad_thai",9
"2343","pad_thai",98
"2344","pad_thai",-11
"2345","pad_thai",23
"2346","pad_thai",41
"2347","pad_thai",41
"2348","pad_thai",25
"2349","pad_thai",19
"2350","pad_thai",34
"2351","pad_thai",16
"2352","pad_thai",19
"2353","pad_thai",-60
"2354","pad_thai",65
"2355","pad_thai",-30
"2356","pad_thai",46
"2357","pancakes",-32
"2358","pancakes",-26
"2359","pancakes",-30
"2360","pancakes",-1
"2361","pancakes",4
"2362","pancakes",32
"2363","pancakes",-53
"2364","pancakes",36
"2365","pancakes",-25
"2366","pancakes",-100
"2367","pancakes",-60
"2368","pancakes",-19
"2369","pancakes",-20
"2370","pancakes",-10
"2371","pancakes",-17
"2372","pancakes",-100
"2373","pancakes",-25
"2374","pancakes",-55
"2375","pancakes",0
"2376","peach",100
"2377","peach",59
"2378","peach",100
"2379","peach",12
"2380","peach",80
"2381","peach",100
"2382","peach",100
"2383","peach",85
"2384","peach",100
"2385","peach",63
"2386","peach",80
"2387","peach",100
"2388","peach",95
"2389","peach",60
"2390","peach",100
"2391","peach",100
"2392","peach",100
"2393","peach",90
"2394","peach",38
"2395","peanut_butter",58
"2396","peanut_butter",58
"2397","peanut_butter",21
"2398","peanut_butter",-12
"2399","peanut_butter",-30
"2400","peanut_butter",-15
"2401","peanut_butter",-4
"2402","peanut_butter",27
"2403","peanut_butter",61
"2404","peanut_butter",65
"2405","peanut_butter",20
"2406","peanut_butter",0
"2407","peanut_butter",-60
"2408","peanut_butter",10
"2409","peanut_butter",9
"2410","peanut_butter",-45
"2411","peanut_butter",21
"2412","peanut_butter",26
"2413","peanut_butter",-17
"2414","roasted_peanuts",75
"2415","roasted_peanuts",65
"2416","roasted_peanuts",20
"2417","roasted_peanuts",19
"2418","roasted_peanuts",-7
"2419","roasted_peanuts",88
"2420","roasted_peanuts",70
"2421","roasted_peanuts",19
"2422","roasted_peanuts",43
"2423","roasted_peanuts",100
"2424","roasted_peanuts",-40
"2425","roasted_peanuts",6
"2426","roasted_peanuts",20
"2427","roasted_peanuts",-10
"2428","roasted_peanuts",-42
"2429","roasted_peanuts",30
"2430","roasted_peanuts",72
"2431","roasted_peanuts",37
"2432","roasted_peanuts",23
"2433","pear",100
"2434","pear",71
"2435","pear",100
"2436","pear",5
"2437","pear",79
"2438","pear",100
"2439","pear",100
"2440","pear",81
"2441","pear",100
"2442","pear",81
"2443","pear",90
"2444","pear",100
"2445","pear",98
"2446","pear",60
"2447","pear",100
"2448","pear",100
"2449","pear",100
"2450","pear",93
"2451","pear",38
"2452","pepperoni",-87
"2453","pepperoni",-6
"2454","pepperoni",-42
"2455","pepperoni",-39
"2456","pepperoni",-11
"2457","pepperoni",-93
"2458","pepperoni",-56
"2459","pepperoni",-29
"2460","pepperoni",-25
"2461","pepperoni",27
"2462","pepperoni",-80
"2463","pepperoni",-21
"2464","pepperoni",-97
"2465","pepperoni",11
"2466","pepperoni",-68
"2467","pepperoni",-100
"2468","pepperoni",30
"2469","pepperoni",-76
"2470","pepperoni",-77
"2471","lemon_meringue_pie",-92
"2472","lemon_meringue_pie",-65
"2473","lemon_meringue_pie",-59
"2474","lemon_meringue_pie",-55
"2475","lemon_meringue_pie",-37
"2476","lemon_meringue_pie",-82
"2477","lemon_meringue_pie",-52
"2478","lemon_meringue_pie",-40
"2479","lemon_meringue_pie",-34
"2480","lemon_meringue_pie",-100
"2481","lemon_meringue_pie",-60
"2482","lemon_meringue_pie",-10
"2483","lemon_meringue_pie",-100
"2484","lemon_meringue_pie",-25
"2485","lemon_meringue_pie",-47
"2486","lemon_meringue_pie",-100
"2487","lemon_meringue_pie",-40
"2488","lemon_meringue_pie",-75
"2489","lemon_meringue_pie",-68
"2490","pecan_pie",-67
"2491","pecan_pie",-32
"2492","pecan_pie",-40
"2493","pecan_pie",-23
"2494","pecan_pie",-51
"2495","pecan_pie",-75
"2496","pecan_pie",-50
"2497","pecan_pie",-47
"2498","pecan_pie",-37
"2499","pecan_pie",-100
"2500","pecan_pie",-65
"2501","pecan_pie",-80
"2502","pecan_pie",-84
"2503","pecan_pie",-15
"2504","pecan_pie",-79
"2505","pecan_pie",-100
"2506","pecan_pie",47
"2507","pecan_pie",-49
"2508","pecan_pie",-52
"2509","pineapple",100
"2510","pineapple",77
"2511","pineapple",100
"2512","pineapple",39
"2513","pineapple",60
"2514","pineapple",100
"2515","pineapple",100
"2516","pineapple",82
"2517","pineapple",100
"2518","pineapple",76
"2519","pineapple",80
"2520","pineapple",100
"2521","pineapple",92
"2522","pineapple",60
"2523","pineapple",100
"2524","pineapple",100
"2525","pineapple",100
"2526","pineapple",82
"2527","pineapple",39
"2528","pepperoni_pizza",-90
"2529","pepperoni_pizza",-24
"2530","pepperoni_pizza",-60
"2531","pepperoni_pizza",-43
"2532","pepperoni_pizza",-45
"2533","pepperoni_pizza",-48
"2534","pepperoni_pizza",-52
"2535","pepperoni_pizza",2
"2536","pepperoni_pizza",-19
"2537","pepperoni_pizza",23
"2538","pepperoni_pizza",-50
"2539","pepperoni_pizza",-39
"2540","pepperoni_pizza",-100
"2541","pepperoni_pizza",10
"2542","pepperoni_pizza",-70
"2543","pepperoni_pizza",-100
"2544","pepperoni_pizza",33
"2545","pepperoni_pizza",-72
"2546","pepperoni_pizza",-74
"2547","pomegranate",100
"2548","pomegranate",42
"2549","pomegranate",100
"2550","pomegranate",28
"2551","pomegranate",61
"2552","pomegranate",100
"2553","pomegranate",95
"2554","pomegranate",82
"2555","pomegranate",100
"2556","pomegranate",100
"2557","pomegranate",80
"2558","pomegranate",100
"2559","pomegranate",95
"2560","pomegranate",55
"2561","pomegranate",99
"2562","pomegranate",100
"2563","pomegranate",100
"2564","pomegranate",62
"2565","pomegranate",44
"2566","popcorn",80
"2567","popcorn",0
"2568","popcorn",0
"2569","popcorn",2
"2570","popcorn",37
"2571","popcorn",33
"2572","popcorn",-25
"2573","popcorn",52
"2574","popcorn",45
"2575","popcorn",55
"2576","popcorn",10
"2577","popcorn",34
"2578","popcorn",-1
"2579","popcorn",-10
"2580","popcorn",17
"2581","popcorn",80
"2582","popcorn",70
"2583","popcorn",0
"2584","popcorn",0
"2585","pork_chop",-44
"2586","pork_chop",-5
"2587","pork_chop",20
"2588","pork_chop",-1
"2589","pork_chop",43
"2590","pork_chop",74
"2591","pork_chop",11
"2592","pork_chop",14
"2593","pork_chop",49
"2594","pork_chop",40
"2595","pork_chop",10
"2596","pork_chop",14
"2597","pork_chop",85
"2598","pork_chop",20
"2599","pork_chop",-10
"2600","pork_chop",-30
"2601","pork_chop",48
"2602","pork_chop",-88
"2603","pork_chop",19
"2604","pork_loin",-57
"2605","pork_loin",-10
"2606","pork_loin",30
"2607","pork_loin",6
"2608","pork_loin",56
"2609","pork_loin",85
"2610","pork_loin",4
"2611","pork_loin",29
"2612","pork_loin",32
"2613","pork_loin",53
"2614","pork_loin",-30
"2615","pork_loin",11
"2616","pork_loin",93
"2617","pork_loin",30
"2618","pork_loin",11
"2619","pork_loin",-50
"2620","pork_loin",42
"2621","pork_loin",-66
"2622","pork_loin",39
"2623","pork_spareribs",-75
"2624","pork_spareribs",-18
"2625","pork_spareribs",10
"2626","pork_spareribs",-22
"2627","pork_spareribs",35
"2628","pork_spareribs",64
"2629","pork_spareribs",-13
"2630","pork_spareribs",19
"2631","pork_spareribs",31
"2632","pork_spareribs",37
"2633","pork_spareribs",-25
"2634","pork_spareribs",-34
"2635","pork_spareribs",-17
"2636","pork_spareribs",10
"2637","pork_spareribs",-35
"2638","pork_spareribs",-70
"2639","pork_spareribs",NA
"2640","pork_spareribs",-57
"2641","pork_spareribs",7
"2642","mashed_potatoes",56
"2643","mashed_potatoes",20
"2644","mashed_potatoes",0
"2645","mashed_potatoes",7
"2646","mashed_potatoes",19
"2647","mashed_potatoes",70
"2648","mashed_potatoes",8
"2649","mashed_potatoes",28
"2650","mashed_potatoes",39
"2651","mashed_potatoes",-100
"2652","mashed_potatoes",20
"2653","mashed_potatoes",3
"2654","mashed_potatoes",19
"2655","mashed_potatoes",0
"2656","mashed_potatoes",28
"2657","mashed_potatoes",-20
"2658","mashed_potatoes",44
"2659","mashed_potatoes",-42
"2660","mashed_potatoes",13
"2661","soft_pretzels",-13
"2662","soft_pretzels",0
"2663","soft_pretzels",10
"2664","soft_pretzels",-5
"2665","soft_pretzels",-32
"2666","soft_pretzels",75
"2667","soft_pretzels",-51
"2668","soft_pretzels",3
"2669","soft_pretzels",NA
"2670","soft_pretzels",-100
"2671","soft_pretzels",-30
"2672","soft_pretzels",5
"2673","soft_pretzels",-21
"2674","soft_pretzels",0
"2675","soft_pretzels",-31
"2676","soft_pretzels",-80
"2677","soft_pretzels",44
"2678","soft_pretzels",-57
"2679","soft_pretzels",0
"2680","rice_pudding",19
"2681","rice_pudding",1
"2682","rice_pudding",15
"2683","rice_pudding",-8
"2684","rice_pudding",-1
"2685","rice_pudding",56
"2686","rice_pudding",-9
"2687","rice_pudding",24
"2688","rice_pudding",9
"2689","rice_pudding",-100
"2690","rice_pudding",20
"2691","rice_pudding",9
"2692","rice_pudding",-1
"2693","rice_pudding",20
"2694","rice_pudding",20
"2695","rice_pudding",50
"2696","rice_pudding",65
"2697","rice_pudding",-28
"2698","rice_pudding",19
"2699","quiche",-40
"2700","quiche",33
"2701","quiche",30
"2702","quiche",-47
"2703","quiche",0
"2704","quiche",-25
"2705","quiche",4
"2706","quiche",5
"2707","quiche",46
"2708","quiche",47
"2709","quiche",10
"2710","quiche",20
"2711","quiche",-53
"2712","quiche",16
"2713","quiche",-49
"2714","quiche",-20
"2715","quiche",50
"2716","quiche",-24
"2717","quiche",-22
"2718","quinoa",89
"2719","quinoa",53
"2720","quinoa",40
"2721","quinoa",7
"2722","quinoa",42
"2723","quinoa",91
"2724","quinoa",96
"2725","quinoa",81
"2726","quinoa",43
"2727","quinoa",56
"2728","quinoa",60
"2729","quinoa",35
"2730","quinoa",95
"2731","quinoa",30
"2732","quinoa",78
"2733","quinoa",100
"2734","quinoa",100
"2735","quinoa",32
"2736","quinoa",24
"2737","raisins",70
"2738","raisins",41
"2739","raisins",30
"2740","raisins",-39
"2741","raisins",19
"2742","raisins",50
"2743","raisins",51
"2744","raisins",72
"2745","raisins",100
"2746","raisins",-44
"2747","raisins",30
"2748","raisins",27
"2749","raisins",60
"2750","raisins",25
"2751","raisins",32
"2752","raisins",70
"2753","raisins",80
"2754","raisins",28
"2755","raisins",22
"2756","ravioli",49
"2757","ravioli",31
"2758","ravioli",30
"2759","ravioli",-16
"2760","ravioli",37
"2761","ravioli",58
"2762","ravioli",8
"2763","ravioli",29
"2764","ravioli",49
"2765","ravioli",-100
"2766","ravioli",10
"2767","ravioli",11
"2768","ravioli",-59
"2769","ravioli",20
"2770","ravioli",8
"2771","ravioli",-80
"2772","ravioli",40
"2773","ravioli",-46
"2774","ravioli",31
"2775","cinnamon_bun",-49
"2776","cinnamon_bun",-48
"2777","cinnamon_bun",-30
"2778","cinnamon_bun",-25
"2779","cinnamon_bun",-45
"2780","cinnamon_bun",-28
"2781","cinnamon_bun",-50
"2782","cinnamon_bun",-15
"2783","cinnamon_bun",-22
"2784","cinnamon_bun",-100
"2785","cinnamon_bun",-35
"2786","cinnamon_bun",-80
"2787","cinnamon_bun",-71
"2788","cinnamon_bun",-10
"2789","cinnamon_bun",28
"2790","cinnamon_bun",-100
"2791","cinnamon_bun",-47
"2792","cinnamon_bun",-73
"2793","cinnamon_bun",-53
"2794","smoked_salmon",51
"2795","smoked_salmon",49
"2796","smoked_salmon",30
"2797","smoked_salmon",9
"2798","smoked_salmon",46
"2799","smoked_salmon",73
"2800","smoked_salmon",-12
"2801","smoked_salmon",13
"2802","smoked_salmon",-15
"2803","smoked_salmon",100
"2804","smoked_salmon",50
"2805","smoked_salmon",29
"2806","smoked_salmon",78
"2807","smoked_salmon",40
"2808","smoked_salmon",8
"2809","smoked_salmon",20
"2810","smoked_salmon",51
"2811","smoked_salmon",19
"2812","smoked_salmon",41
"2813","scone",-15
"2814","scone",-18
"2815","scone",-15
"2816","scone",-26
"2817","scone",-6
"2818","scone",-52
"2819","scone",-50
"2820","scone",-22
"2821","scone",55
"2822","scone",-100
"2823","scone",-65
"2824","scone",-14
"2825","scone",12
"2826","scone",1
"2827","scone",6
"2828","scone",-50
"2829","scone",34
"2830","scone",-77
"2831","scone",-31
"2832","seaweed",42
"2833","seaweed",0
"2834","seaweed",0
"2835","seaweed",5
"2836","seaweed",58
"2837","seaweed",24
"2838","seaweed",6
"2839","seaweed",35
"2840","seaweed",74
"2841","seaweed",100
"2842","seaweed",40
"2843","seaweed",36
"2844","seaweed",-1
"2845","seaweed",10
"2846","seaweed",79
"2847","seaweed",50
"2848","seaweed",100
"2849","seaweed",-15
"2850","seaweed",0
"2851","skittles",-100
"2852","skittles",-71
"2853","skittles",-20
"2854","skittles",-44
"2855","skittles",-84
"2856","skittles",-90
"2857","skittles",-66
"2858","skittles",-82
"2859","skittles",-78
"2860","skittles",-100
"2861","skittles",-60
"2862","skittles",-6
"2863","skittles",-99
"2864","skittles",-30
"2865","skittles",-2
"2866","skittles",-100
"2867","skittles",-90
"2868","skittles",-96
"2869","skittles",-51
"2870","cola",-100
"2871","cola",-100
"2872","cola",-50
"2873","cola",-85
"2874","cola",-93
"2875","cola",-93
"2876","cola",-100
"2877","cola",-79
"2878","cola",-44
"2879","cola",-100
"2880","cola",-90
"2881","cola",-100
"2882","cola",-100
"2883","cola",-40
"2884","cola",-56
"2885","cola",-100
"2886","cola",-100
"2887","cola",-73
"2888","cola",-44
"2889","sorbet",37
"2890","sorbet",-21
"2891","sorbet",-5
"2892","sorbet",-1
"2893","sorbet",-16
"2894","sorbet",-72
"2895","sorbet",-51
"2896","sorbet",-38
"2897","sorbet",-28
"2898","sorbet",42
"2899","sorbet",20
"2900","sorbet",4
"2901","sorbet",-95
"2902","sorbet",-10
"2903","sorbet",19
"2904","sorbet",-40
"2905","sorbet",30
"2906","sorbet",-75
"2907","sorbet",-22
"2908","ramen_noodle_soup",53
"2909","ramen_noodle_soup",8
"2910","ramen_noodle_soup",NA
"2911","ramen_noodle_soup",10
"2912","ramen_noodle_soup",15
"2913","ramen_noodle_soup",35
"2914","ramen_noodle_soup",4
"2915","ramen_noodle_soup",21
"2916","ramen_noodle_soup",42
"2917","ramen_noodle_soup",16
"2918","ramen_noodle_soup",20
"2919","ramen_noodle_soup",NA
"2920","ramen_noodle_soup",21
"2921","ramen_noodle_soup",20
"2922","ramen_noodle_soup",21
"2923","ramen_noodle_soup",-25
"2924","ramen_noodle_soup",NA
"2925","ramen_noodle_soup",-65
"2926","ramen_noodle_soup",52
"2927","sour_cream",-16
"2928","sour_cream",0
"2929","sour_cream",-15
"2930","sour_cream",-13
"2931","sour_cream",-12
"2932","sour_cream",-72
"2933","sour_cream",-19
"2934","sour_cream",-3
"2935","sour_cream",-30
"2936","sour_cream",100
"2937","sour_cream",10
"2938","sour_cream",-20
"2939","sour_cream",-76
"2940","sour_cream",-9
"2941","sour_cream",-57
"2942","sour_cream",-20
"2943","sour_cream",43
"2944","sour_cream",-72
"2945","sour_cream",-46
"2946","spaghetti",75
"2947","spaghetti",10
"2948","spaghetti",0
"2949","spaghetti",15
"2950","spaghetti",16
"2951","spaghetti",93
"2952","spaghetti",9
"2953","spaghetti",34
"2954","spaghetti",54
"2955","spaghetti",-100
"2956","spaghetti",40
"2957","spaghetti",31
"2958","spaghetti",23
"2959","spaghetti",10
"2960","spaghetti",48
"2961","spaghetti",50
"2962","spaghetti",41
"2963","spaghetti",0
"2964","spaghetti",25
"2965","strawberries",100
"2966","strawberries",80
"2967","strawberries",100
"2968","strawberries",11
"2969","strawberries",77
"2970","strawberries",100
"2971","strawberries",100
"2972","strawberries",84
"2973","strawberries",100
"2974","strawberries",100
"2975","strawberries",85
"2976","strawberries",100
"2977","strawberries",91
"2978","strawberries",60
"2979","strawberries",100
"2980","strawberries",100
"2981","strawberries",100
"2982","strawberries",88
"2983","strawberries",33
"2984","brown_sugar",-100
"2985","brown_sugar",-19
"2986","brown_sugar",-50
"2987","brown_sugar",-23
"2988","brown_sugar",-67
"2989","brown_sugar",-99
"2990","brown_sugar",-56
"2991","brown_sugar",-29
"2992","brown_sugar",-41
"2993","brown_sugar",-100
"2994","brown_sugar",5
"2995","brown_sugar",-89
"2996","brown_sugar",-100
"2997","brown_sugar",-25
"2998","brown_sugar",4
"2999","brown_sugar",-100
"3000","brown_sugar",-81
"3001","brown_sugar",-84
"3002","brown_sugar",-33
"3003","sushi",37
"3004","sushi",22
"3005","sushi",10
"3006","sushi",-1
"3007","sushi",24
"3008","sushi",73
"3009","sushi",6
"3010","sushi",38
"3011","sushi",49
"3012","sushi",77
"3013","sushi",30
"3014","sushi",27
"3015","sushi",85
"3016","sushi",30
"3017","sushi",62
"3018","sushi",40
"3019","sushi",50
"3020","sushi",-84
"3021","sushi",41
"3022","baked_sweet_potato",86
"3023","baked_sweet_potato",25
"3024","baked_sweet_potato",50
"3025","baked_sweet_potato",0
"3026","baked_sweet_potato",42
"3027","baked_sweet_potato",94
"3028","baked_sweet_potato",83
"3029","baked_sweet_potato",69
"3030","baked_sweet_potato",100
"3031","baked_sweet_potato",82
"3032","baked_sweet_potato",70
"3033","baked_sweet_potato",100
"3034","baked_sweet_potato",96
"3035","baked_sweet_potato",50
"3036","baked_sweet_potato",80
"3037","baked_sweet_potato",100
"3038","baked_sweet_potato",75
"3039","baked_sweet_potato",NA
"3040","baked_sweet_potato",52
"3041","tea",0
"3042","tea",0
"3043","tea",0
"3044","tea",-1
"3045","tea",-1
"3046","tea",61
"3047","tea",15
"3048","tea",17
"3049","tea",0
"3050","tea",100
"3051","tea",40
"3052","tea",0
"3053","tea",-1
"3054","tea",0
"3055","tea",4
"3056","tea",80
"3057","tea",70
"3058","tea",0
"3059","tea",0
"3060","tiramisu",-50
"3061","tiramisu",-12
"3062","tiramisu",-60
"3063","tiramisu",-37
"3064","tiramisu",-55
"3065","tiramisu",-81
"3066","tiramisu",-51
"3067","tiramisu",-47
"3068","tiramisu",-77
"3069","tiramisu",-100
"3070","tiramisu",-65
"3071","tiramisu",-91
"3072","tiramisu",-100
"3073","tiramisu",-10
"3074","tiramisu",-70
"3075","tiramisu",-100
"3076","tiramisu",-40
"3077","tiramisu",-81
"3078","tiramisu",-57
"3079","tomatoes",100
"3080","tomatoes",80
"3081","tomatoes",100
"3082","tomatoes",-1
"3083","tomatoes",73
"3084","tomatoes",100
"3085","tomatoes",100
"3086","tomatoes",92
"3087","tomatoes",100
"3088","tomatoes",100
"3089","tomatoes",90
"3090","tomatoes",100
"3091","tomatoes",100
"3092","tomatoes",60
"3093","tomatoes",100
"3094","tomatoes",100
"3095","tomatoes",100
"3096","tomatoes",91
"3097","tomatoes",40
"3098","roasted_turkey",39
"3099","roasted_turkey",34
"3100","roasted_turkey",50
"3101","roasted_turkey",26
"3102","roasted_turkey",42
"3103","roasted_turkey",82
"3104","roasted_turkey",66
"3105","roasted_turkey",49
"3106","roasted_turkey",59
"3107","roasted_turkey",100
"3108","roasted_turkey",65
"3109","roasted_turkey",100
"3110","roasted_turkey",85
"3111","roasted_turkey",35
"3112","roasted_turkey",33
"3113","roasted_turkey",80
"3114","roasted_turkey",80
"3115","roasted_turkey",-64
"3116","roasted_turkey",51
"3117","vegetable_broth",85
"3118","vegetable_broth",71
"3119","vegetable_broth",40
"3120","vegetable_broth",-1
"3121","vegetable_broth",42
"3122","vegetable_broth",45
"3123","vegetable_broth",31
"3124","vegetable_broth",29
"3125","vegetable_broth",46
"3126","vegetable_broth",38
"3127","vegetable_broth",60
"3128","vegetable_broth",37
"3129","vegetable_broth",62
"3130","vegetable_broth",61
"3131","vegetable_broth",53
"3132","vegetable_broth",-20
"3133","vegetable_broth",44
"3134","vegetable_broth",0
"3135","vegetable_broth",52
"3136","waffle",-80
"3137","waffle",-28
"3138","waffle",-40
"3139","waffle",-42
"3140","waffle",-10
"3141","waffle",-80
"3142","waffle",-52
"3143","waffle",-23
"3144","waffle",-30
"3145","waffle",-100
"3146","waffle",-60
"3147","waffle",-20
"3148","waffle",-71
"3149","waffle",-10
"3150","waffle",-48
"3151","waffle",-100
"3152","waffle",30
"3153","waffle",-73
"3154","waffle",-67
"3155","walnuts",100
"3156","walnuts",83
"3157","walnuts",22
"3158","walnuts",29
"3159","walnuts",38
"3160","walnuts",100
"3161","walnuts",94
"3162","walnuts",67
"3163","walnuts",45
"3164","walnuts",100
"3165","walnuts",30
"3166","walnuts",26
"3167","walnuts",82
"3168","walnuts",35
"3169","walnuts",31
"3170","walnuts",100
"3171","walnuts",70
"3172","walnuts",90
"3173","walnuts",31
"3174","wasabi_peas",63
"3175","wasabi_peas",41
"3176","wasabi_peas",-1
"3177","wasabi_peas",1
"3178","wasabi_peas",32
"3179","wasabi_peas",91
"3180","wasabi_peas",-13
"3181","wasabi_peas",13
"3182","wasabi_peas",10
"3183","wasabi_peas",65
"3184","wasabi_peas",20
"3185","wasabi_peas",22
"3186","wasabi_peas",1
"3187","wasabi_peas",10
"3188","wasabi_peas",48
"3189","wasabi_peas",40
"3190","wasabi_peas",68
"3191","wasabi_peas",-53
"3192","wasabi_peas",-26
"3193","watermelon",100
"3194","watermelon",39
"3195","watermelon",100
"3196","watermelon",31
"3197","watermelon",72
"3198","watermelon",100
"3199","watermelon",90
"3200","watermelon",81
"3201","watermelon",100
"3202","watermelon",-1
"3203","watermelon",95
"3204","watermelon",83
"3205","watermelon",89
"3206","watermelon",61
"3207","watermelon",100
"3208","watermelon",100
"3209","watermelon",100
"3210","watermelon",87
"3211","watermelon",33
"3212","french_fries",-84
"3213","french_fries",-18
"3214","french_fries",-30
"3215","french_fries",-61
"3216","french_fries",-26
"3217","french_fries",-90
"3218","french_fries",-54
"3219","french_fries",-33
"3220","french_fries",-29
"3221","french_fries",-100
"3222","french_fries",-50
"3223","french_fries",-77
"3224","french_fries",-56
"3225","french_fries",-20
"3226","french_fries",-66
"3227","french_fries",-100
"3228","french_fries",-70
"3229","french_fries",-94
"3230","french_fries",-50
"3231","frozen_yogurt",22
"3232","frozen_yogurt",1
"3233","frozen_yogurt",0
"3234","frozen_yogurt",22
"3235","frozen_yogurt",27
"3236","frozen_yogurt",-22
"3237","frozen_yogurt",-7
"3238","frozen_yogurt",27
"3239","frozen_yogurt",32
"3240","frozen_yogurt",100
"3241","frozen_yogurt",20
"3242","frozen_yogurt",29
"3243","frozen_yogurt",-76
"3244","frozen_yogurt",5
"3245","frozen_yogurt",22
"3246","frozen_yogurt",-40
"3247","frozen_yogurt",34
"3248","frozen_yogurt",-38
"3249","frozen_yogurt",-13
"3250","plain_yogurt",69
"3251","plain_yogurt",41
"3252","plain_yogurt",50
"3253","plain_yogurt",-1
"3254","plain_yogurt",56
"3255","plain_yogurt",90
"3256","plain_yogurt",90
"3257","plain_yogurt",71
"3258","plain_yogurt",58
"3259","plain_yogurt",100
"3260","plain_yogurt",60
"3261","plain_yogurt",27
"3262","plain_yogurt",49
"3263","plain_yogurt",40
"3264","plain_yogurt",34
"3265","plain_yogurt",100
"3266","plain_yogurt",33
"3267","plain_yogurt",35
"3268","plain_yogurt",47
