food_cat,actual_mean,predicted_mean
Beverages,-15.30205999,35.79223752
Finfish and Shellfish Products,29.90455019,33.29668047
Fruits and Fruit Juices,67.86328985,37.96021501
Vegetables and Vegetable Products,58.30742246,38.39774517
Pork Products,-16.22214133,5.911808444
Snacks,-1.848152959,-23.75790004
Beef Products,7.787128715,9.239494875
Baked Products,-25.65221583,-15.82362996
Breakfast Cereals,17.96165456,-5.001780254
Sweets,-23.52685542,-6.285978018
"Meals, Entrees, and Side Dishes",-14.72613073,7.597113248
Nut and Seed Products,45.41798498,11.21351384
Dairy and Egg Products,1.35535533,-1.690781376
Poultry Products,19.22928408,19.90270008
"Soups, Sauces, and Gravies",25.64888101,11.75947404
Legumes and Legume Products,29.90921569,20.83120909
Sausages and Luncheon Meats,-16.51309042,-3.477350503
Fats and Oils,-20.85804796,24.09280411
Cereal Grains and Pasta,25.13067303,6.944060413
"Lamb, Veal, and Game Products",15.97058824,-3.512745993
