food_cat,actual_mean,predicted_mean
Beverages,-31.5281315,-17.44025477
Finfish and Shellfish Products,35.56050191,24.65565292
Fruits and Fruit Juices,70.85799862,53.75049367
Vegetables and Vegetable Products,62.38156672,52.13814555
Pork Products,-17.23720499,-3.789336205
Snacks,-9.065679274,-17.94870587
Beef Products,3.069298245,19.93891835
Baked Products,-45.609853,-29.55373561
Breakfast Cereals,16.78680248,7.927112769
Sweets,-31.96441211,-17.42543173
"Meals, Entrees, and Side Dishes",-25.51925167,-15.60901841
Nut and Seed Products,43.26311853,34.58846535
Dairy and Egg Products,-4.166347564,-8.420960957
Poultry Products,21.92588447,3.54755087
"Soups, Sauces, and Gravies",21.84696956,1.172552108
Legumes and Legume Products,35.06610068,17.78122461
Sausages and Luncheon Meats,-30.62471891,-13.73423449
Fats and Oils,-24.8605719,-8.04171467
Cereal Grains and Pasta,20.51370084,23.52090311
"Lamb, Veal, and Game Products",10.56435644,21.84978294
