food_cat,actual_mean,predicted_mean
Beverages,-15.63980613,2.962491667
Finfish and Shellfish Products,31.06286099,29.575625
Fruits and Fruit Juices,70.81197673,60.11729565
Vegetables and Vegetable Products,59.37545198,56.15236737
Pork Products,-7.062348113,4.05454
Snacks,0.962685116,-22.750316
Beef Products,5.803571429,16.6781
Baked Products,-31.06907019,-25.73687317
Breakfast Cereals,13.5848077,7.914956
Sweets,-21.25432721,-15.86648286
"Meals, Entrees, and Side Dishes",-16.5619435,-5.944745935
Nut and Seed Products,42.84279459,32.24406286
Dairy and Egg Products,2.325980803,1.132121333
Poultry Products,24.20983689,13.74461
"Soups, Sauces, and Gravies",23.81138096,6.647093333
Legumes and Legume Products,34.68669599,22.91574
Sausages and Luncheon Meats,-14.62900482,-6.64728
Fats and Oils,-19.49312201,-0.08563
Cereal Grains and Pasta,30.41107286,23.72633333
"Lamb, Veal, and Game Products",5.494949495,21.8241
