food_cat,actual_mean,predicted_mean
Beverages,-27.77192982,-13.43076563
Finfish and Shellfish Products,36.33674464,29.72498473
Fruits and Fruit Juices,74.91952708,56.43064872
Vegetables and Vegetable Products,67.56894429,56.64002509
Pork Products,0.23026316,6.652083398
Snacks,3.645029242,-8.711342239
Beef Products,16.08049536,25.39694023
Baked Products,-37.75657895,-18.84947852
Breakfast Cereals,24.93684211,16.26975479
Sweets,-31.73705096,-12.35366147
"Meals, Entrees, and Side Dishes",-10.53869969,-2.247667425
Nut and Seed Products,46.2481203,34.99748853
Dairy and Egg Products,8.929174789,-2.27309831
Poultry Products,30.50526316,12.89571686
"Soups, Sauces, and Gravies",21.77972709,6.223221699
Legumes and Legume Products,46.02631579,23.23049271
Sausages and Luncheon Meats,-32.43859649,0.21315066
Fats and Oils,-24.9122807,-6.620226544
Cereal Grains and Pasta,32.08187135,31.44487731
"Lamb, Veal, and Game Products",23.78947368,27.87537003
