food_cat,actual_mean,predicted_mean
Beverages,-10.3642981,-6.736595234
Finfish and Shellfish Products,29.26253204,21.19000574
Fruits and Fruit Juices,60.02307335,45.64013315
Vegetables and Vegetable Products,57.62118915,45.52916389
Pork Products,-23.61226792,-3.288097025
Snacks,-17.13282285,-17.01013827
Beef Products,-9.054307115,14.15722442
Baked Products,-33.81450628,-22.43242204
Breakfast Cereals,12.03702898,3.403566551
Sweets,-29.42286718,-14.91999705
"Meals, Entrees, and Side Dishes",-12.56523256,-9.537102363
Nut and Seed Products,18.00975057,22.71946628
Dairy and Egg Products,-8.935920579,-8.808898345
Poultry Products,12.8167033,1.681538297
"Soups, Sauces, and Gravies",20.3441924,3.660548508
Legumes and Legume Products,24.20392367,13.08551574
Sausages and Luncheon Meats,-26.97440699,-12.21390963
Fats and Oils,-38.97262064,-9.24570465
Cereal Grains and Pasta,25.02239729,19.19845335
"Lamb, Veal, and Game Products",5.186813187,18.60024643
