food_cat,actual_mean,predicted_mean
Beverages,-23.39228225,35.4453093
Finfish and Shellfish Products,32.0032499,28.26193019
Fruits and Fruit Juices,70.4626458,37.53631062
Vegetables and Vegetable Products,58.35144579,37.4422153
Pork Products,-25.77734855,1.463857638
Snacks,-8.050422278,-28.05368106
Beef Products,-0.967681526,6.54281973
Baked Products,-30.21808794,-19.44498576
Breakfast Cereals,15.48035775,-9.834461246
Sweets,-25.96061488,-8.628548379
"Meals, Entrees, and Side Dishes",-18.30909358,3.833354096
Nut and Seed Products,44.3315184,6.849505135
Dairy and Egg Products,-1.309923687,-5.44017605
Poultry Products,16.36647425,16.61791429
"Soups, Sauces, and Gravies",20.72192454,8.630074607
Legumes and Legume Products,31.87289528,17.43301025
Sausages and Luncheon Meats,-25.39687442,-8.939086313
Fats and Oils,-28.09029039,21.12406193
Cereal Grains and Pasta,23.94034817,3.795631647
"Lamb, Veal, and Game Products",4.968085106,-7.319147961
