food_cat,actual_mean,predicted_mean
Beverages,-23.39228225,-11.87148603
Finfish and Shellfish Products,32.0032499,23.28792421
Fruits and Fruit Juices,70.4626458,54.3478037
Vegetables and Vegetable Products,58.35144579,49.97726398
Pork Products,-25.77734855,-3.502815247
Snacks,-8.050422278,-13.04469852
Beef Products,-0.967681526,15.69551659
Baked Products,-30.21808794,-20.13751233
Breakfast Cereals,15.48035775,9.613506317
Sweets,-25.96061488,-9.656090532
"Meals, Entrees, and Side Dishes",-18.30909358,-11.36187413
Nut and Seed Products,44.3315184,33.7384823
Dairy and Egg Products,-1.309923687,-4.393852976
Poultry Products,16.36647425,2.812893345
"Soups, Sauces, and Gravies",20.72192454,3.146328449
Legumes and Legume Products,31.87289528,18.06680417
Sausages and Luncheon Meats,-25.39687442,-11.97919687
Fats and Oils,-28.09029039,-4.762484234
Cereal Grains and Pasta,23.94034817,23.87001355
"Lamb, Veal, and Game Products",4.968085106,18.44357109
