food_cat,actual_mean,predicted_mean
Beverages,-14.91948294,35.95495368
Finfish and Shellfish Products,32.59850087,32.78548115
Fruits and Fruit Juices,66.43342282,38.59658736
Vegetables and Vegetable Products,57.23410603,39.93072774
Pork Products,-12.6429887,4.04129174
Snacks,-11.10532381,-31.40723705
Beef Products,5.22121212,8.914174975
Baked Products,-32.01756958,-21.98445163
Breakfast Cereals,9.882060771,-10.20663063
Sweets,-25.01598916,-11.28603621
"Meals, Entrees, and Side Dishes",-11.51996282,6.446499249
Nut and Seed Products,29.76705542,3.484696559
Dairy and Egg Products,-0.531801918,-1.571475216
Poultry Products,20.6482727,20.20437462
"Soups, Sauces, and Gravies",26.25434112,11.46158699
Legumes and Legume Products,31.22630003,16.97729858
Sausages and Luncheon Meats,-22.66926217,-7.231064193
Fats and Oils,-32.23413562,3.332699124
Cereal Grains and Pasta,22.59041478,5.510908457
"Lamb, Veal, and Game Products",13.86734694,-2.243779922
