food_cat,actual_mean,predicted_mean
Beverages,-31.5281315,34.37319977
Finfish and Shellfish Products,35.56050191,32.22068238
Fruits and Fruit Juices,70.85799862,35.95532214
Vegetables and Vegetable Products,62.38156672,38.77092121
Pork Products,-17.23720499,3.109649917
Snacks,-9.065679274,-36.07239983
Beef Products,3.069298245,5.312685745
Baked Products,-45.609853,-29.27643761
Breakfast Cereals,16.78680248,-13.83794378
Sweets,-31.96441211,-18.86192336
"Meals, Entrees, and Side Dishes",-25.51925167,1.786557888
Nut and Seed Products,43.26311853,7.587420514
Dairy and Egg Products,-4.166347564,-9.959754372
Poultry Products,21.92588447,19.41743559
"Soups, Sauces, and Gravies",21.84696956,5.585264921
Legumes and Legume Products,35.06610068,17.52012727
Sausages and Luncheon Meats,-30.62471891,-9.622811377
Fats and Oils,-24.8605719,18.35533134
Cereal Grains and Pasta,20.51370084,3.067296815
"Lamb, Veal, and Game Products",10.56435644,-8.874727733
