food_cat,actual_mean,predicted_mean
Beverages,-31.5281315,-5.555082595
Finfish and Shellfish Products,35.56050191,27.05285948
Fruits and Fruit Juices,70.85799862,59.16776041
Vegetables and Vegetable Products,62.38156672,57.63827033
Pork Products,-17.23720499,-3.195966226
Snacks,-9.065679274,-31.31914853
Beef Products,3.069298245,15.58990324
Baked Products,-45.609853,-38.06693718
Breakfast Cereals,16.78680248,7.578184898
Sweets,-31.96441211,-29.08436875
"Meals, Entrees, and Side Dishes",-25.51925167,-13.34878148
Nut and Seed Products,43.26311853,29.15597458
Dairy and Egg Products,-4.166347564,-7.621349776
Poultry Products,21.92588447,9.939288228
"Soups, Sauces, and Gravies",21.84696956,3.073471325
Legumes and Legume Products,35.06610068,19.62160303
Sausages and Luncheon Meats,-30.62471891,-16.84691104
Fats and Oils,-24.8605719,-11.83440316
Cereal Grains and Pasta,20.51370084,24.83877332
"Lamb, Veal, and Game Products",10.56435644,13.93438372
