food_cat,actual_mean,predicted_mean
Beverages,-27.77192982,-0.6440018
Finfish and Shellfish Products,36.33674464,33.69806779
Fruits and Fruit Juices,74.91952708,61.39063448
Vegetables and Vegetable Products,67.56894429,61.49139676
Pork Products,0.23026316,13.09499508
Snacks,3.645029242,-20.95839495
Beef Products,16.08049536,22.35583623
Baked Products,-37.75657895,-29.40829431
Breakfast Cereals,24.93684211,17.63036924
Sweets,-31.73705096,-29.35692977
"Meals, Entrees, and Side Dishes",-10.53869969,0.176761903
Nut and Seed Products,46.2481203,37.03900804
Dairy and Egg Products,8.929174789,-0.413946259
Poultry Products,30.50526316,25.32880067
"Soups, Sauces, and Gravies",21.77972709,5.805011429
Legumes and Legume Products,46.02631579,29.57758252
Sausages and Luncheon Meats,-32.43859649,-5.424600621
Fats and Oils,-24.9122807,-9.325936887
Cereal Grains and Pasta,32.08187135,35.38265074
"Lamb, Veal, and Game Products",23.78947368,24.90714131
