food_cat,actual_mean,predicted_mean
Beverages,-27.77192982,38.07756483
Finfish and Shellfish Products,36.33674464,40.3920001
Fruits and Fruit Juices,74.91952708,38.41370484
Vegetables and Vegetable Products,67.56894429,43.85896214
Pork Products,0.23026316,19.91478522
Snacks,3.645029242,-25.41478129
Beef Products,16.08049536,19.54906187
Baked Products,-37.75657895,-22.66727995
Breakfast Cereals,24.93684211,-1.246274621
Sweets,-31.73705096,-19.20867039
"Meals, Entrees, and Side Dishes",-10.53869969,11.91612719
Nut and Seed Products,46.2481203,18.80305815
Dairy and Egg Products,8.929174789,-1.899721461
Poultry Products,30.50526316,35.27113346
"Soups, Sauces, and Gravies",21.77972709,12.02574992
Legumes and Legume Products,46.02631579,28.18838116
Sausages and Luncheon Meats,-32.43859649,-1.202724593
Fats and Oils,-24.9122807,20.39333686
Cereal Grains and Pasta,32.08187135,15.68808985
"Lamb, Veal, and Game Products",23.78947368,8.738446807
