food_cat,actual_mean,predicted_mean
Beverages,-10.3642981,6.433328069
Finfish and Shellfish Products,29.26253204,24.09607464
Fruits and Fruit Juices,60.02307335,52.6156178
Vegetables and Vegetable Products,57.62118915,53.50146934
Pork Products,-23.61226792,-8.573515136
Snacks,-17.13282285,-32.69624321
Beef Products,-9.054307115,6.581622695
Baked Products,-33.81450628,-31.52694583
Breakfast Cereals,12.03702898,6.631071902
Sweets,-29.42286718,-24.99761244
"Meals, Entrees, and Side Dishes",-12.56523256,-6.133887863
Nut and Seed Products,18.00975057,9.030304164
Dairy and Egg Products,-8.935920579,-7.716578234
Poultry Products,12.8167033,5.170282902
"Soups, Sauces, and Gravies",20.3441924,8.752400978
Legumes and Legume Products,24.20392367,12.34959393
Sausages and Luncheon Meats,-26.97440699,-19.16344155
Fats and Oils,-38.97262064,-27.67235013
Cereal Grains and Pasta,25.02239729,24.2995328
"Lamb, Veal, and Game Products",5.186813187,6.326634941
