food_cat,actual_mean,predicted_mean
Beverages,-10.3642981,34.36358089
Finfish and Shellfish Products,29.26253204,28.47627871
Fruits and Fruit Juices,60.02307335,35.88564676
Vegetables and Vegetable Products,57.62118915,39.51604065
Pork Products,-23.61226792,-5.017476758
Snacks,-17.13282285,-34.67776002
Beef Products,-9.054307115,0.98386734
Baked Products,-33.81450628,-25.95687878
Breakfast Cereals,12.03702898,-6.852147895
Sweets,-29.42286718,-17.33411423
"Meals, Entrees, and Side Dishes",-12.56523256,4.284878211
Nut and Seed Products,18.00975057,-5.578170691
Dairy and Egg Products,-8.935920579,-7.884631061
Poultry Products,12.8167033,12.94634467
"Soups, Sauces, and Gravies",20.3441924,11.33995558
Legumes and Legume Products,24.20392367,12.85374737
Sausages and Luncheon Meats,-26.97440699,-15.50365766
Fats and Oils,-38.97262064,-6.897217807
Cereal Grains and Pasta,25.02239729,7.793066866
"Lamb, Veal, and Game Products",5.186813187,-10.72149876
