food_cat,actual_mean,predicted_mean
Beverages,2.070898364,-2.210011086
Finfish and Shellfish Products,26.56003783,16.44500478
Fruits and Fruit Juices,60.37384572,45.45355361
Vegetables and Vegetable Products,67.79183277,47.00974436
Pork Products,-36.1699495,-9.918021083
Snacks,-37.91515152,-23.26882782
Beef Products,-18.11327562,4.096597314
Baked Products,-40.48602381,-26.83482248
Breakfast Cereals,16.08906329,1.621596003
Sweets,-25.81244668,-18.52340576
"Meals, Entrees, and Side Dishes",-15.37537546,-13.21560826
Nut and Seed Products,-8.288421284,13.40650007
Dairy and Egg Products,-23.09113333,-14.22466808
Poultry Products,2.415717172,-4.580141663
"Soups, Sauces, and Gravies",15.98863067,2.397326549
Legumes and Legume Products,20.49234849,12.44384265
Sausages and Luncheon Meats,-46.47496599,-23.35268275
Fats and Oils,-53.80856576,-14.61986256
Cereal Grains and Pasta,29.65955473,11.70308971
"Lamb, Veal, and Game Products",-23.47474747,12.34062481
