food_cat,actual_mean,predicted_mean
Beverages,-14.91948294,-7.62124149
Finfish and Shellfish Products,32.59850087,25.20323082
Fruits and Fruit Juices,66.43342282,50.78496958
Vegetables and Vegetable Products,57.23410603,48.86351794
Pork Products,-12.6429887,1.885653734
Snacks,-11.10532381,-14.37105761
Beef Products,5.22121212,19.75997543
Baked Products,-32.01756958,-19.33719263
Breakfast Cereals,9.882060771,5.893235397
Sweets,-25.01598916,-10.71374374
"Meals, Entrees, and Side Dishes",-11.51996282,-7.610108318
Nut and Seed Products,29.76705542,28.94768306
Dairy and Egg Products,-0.531801918,-3.325411319
Poultry Products,20.6482727,7.018477916
"Soups, Sauces, and Gravies",26.25434112,6.153856038
Legumes and Legume Products,31.22630003,16.66218925
Sausages and Luncheon Meats,-22.66926217,-7.679239353
Fats and Oils,-32.23413562,-4.934913
Cereal Grains and Pasta,22.59041478,22.97514772
"Lamb, Veal, and Game Products",13.86734694,23.55102158
