food_cat,actual_mean,predicted_mean
Beverages,-15.63980613,-6.889855833
Finfish and Shellfish Products,31.06286099,26.14367
Fruits and Fruit Juices,70.81197673,55.49264348
Vegetables and Vegetable Products,59.37545198,51.84223421
Pork Products,-7.062348113,2.6070975
Snacks,0.962685116,-9.058276
Beef Products,5.803571429,18.285785
Baked Products,-31.06907019,-17.86837417
Breakfast Cereals,13.5848077,10.715308
Sweets,-21.25432721,-7.072416429
"Meals, Entrees, and Side Dishes",-16.5619435,-7.640657294
Nut and Seed Products,42.84279459,35.51210029
Dairy and Egg Products,2.325980803,-1.200677867
Poultry Products,24.20983689,7.0169632
"Soups, Sauces, and Gravies",23.81138096,5.396106667
Legumes and Legume Products,34.68669599,20.8684875
Sausages and Luncheon Meats,-14.62900482,-3.989929333
Fats and Oils,-19.49312201,-0.465006667
Cereal Grains and Pasta,30.41107286,25.08161567
"Lamb, Veal, and Game Products",5.494949495,26.4258
