food_cat,actual_mean,predicted_mean
Beverages,2.070898364,43.01532672
Finfish and Shellfish Products,26.56003783,26.89251846
Fruits and Fruit Juices,60.37384572,41.98719222
Vegetables and Vegetable Products,67.79183277,49.90589394
Pork Products,-36.1699495,-24.40782262
Snacks,-37.91515152,-48.42557629
Beef Products,-18.11327562,-12.18770798
Baked Products,-40.48602381,-37.17087758
Breakfast Cereals,16.08906329,0.233186351
Sweets,-25.81244668,-16.55023059
"Meals, Entrees, and Side Dishes",-15.37537546,-1.187400512
Nut and Seed Products,-8.288421284,-23.54663501
Dairy and Egg Products,-23.09113333,-20.38483234
Poultry Products,2.415717172,3.165372125
"Soups, Sauces, and Gravies",15.98863067,10.86190812
Legumes and Legume Products,20.49234849,9.979431308
Sausages and Luncheon Meats,-46.47496599,-37.55833935
Fats and Oils,-53.80856576,-26.35700242
Cereal Grains and Pasta,29.65955473,16.45413835
"Lamb, Veal, and Game Products",-23.47474747,-30.49212909
