food_cat,actual_mean,predicted_mean
Beverages,-15.63980613,36.7495
Finfish and Shellfish Products,31.06286099,36.87253333
Fruits and Fruit Juices,70.81197673,39.151946
Vegetables and Vegetable Products,59.37545198,40.05810842
Pork Products,-7.062348113,8.4864325
Snacks,0.962685116,-27.762188
Beef Products,5.803571429,12.5946
Baked Products,-31.06907019,-18.82869
Breakfast Cereals,13.5848077,-9.334226
Sweets,-21.25432721,-6.936482929
"Meals, Entrees, and Side Dishes",-16.5619435,7.001293353
Nut and Seed Products,42.84279459,14.05041429
Dairy and Egg Products,2.325980803,-0.125361111
Poultry Products,24.20983689,23.909892
"Soups, Sauces, and Gravies",23.81138096,10.67761667
Legumes and Legume Products,34.68669599,21.199095
Sausages and Luncheon Meats,-14.62900482,-2.35062
Fats and Oils,-19.49312201,26.10606667
Cereal Grains and Pasta,30.41107286,5.952333333
"Lamb, Veal, and Game Products",5.494949495,-0.109403
