food_cat,actual_mean,predicted_mean
Beverages,-15.30205999,1.749829418
Finfish and Shellfish Products,29.90455019,26.35516115
Fruits and Fruit Juices,67.86328985,58.71491268
Vegetables and Vegetable Products,58.30742246,54.3092221
Pork Products,-16.22214133,2.023952975
Snacks,-1.848152959,-20.6366266
Beef Products,7.787128715,14.69026371
Baked Products,-25.65221583,-22.14122004
Breakfast Cereals,17.96165456,10.62493864
Sweets,-23.52685542,-15.1512215
"Meals, Entrees, and Side Dishes",-14.72613073,-5.598058018
Nut and Seed Products,45.41798498,29.14931082
Dairy and Egg Products,1.35535533,0.237514656
Poultry Products,19.22928408,11.10172075
"Soups, Sauces, and Gravies",25.64888101,9.027594872
Legumes and Legume Products,29.90921569,20.35199616
Sausages and Luncheon Meats,-16.51309042,-7.64665885
Fats and Oils,-20.85804796,-1.158258202
Cereal Grains and Pasta,25.13067303,26.20886459
"Lamb, Veal, and Game Products",15.97058824,15.15873773
