food_cat,actual_mean,predicted_mean
Beverages,-15.30205999,-7.381507555
Finfish and Shellfish Products,29.90455019,23.48992892
Fruits and Fruit Juices,67.86328985,54.16225035
Vegetables and Vegetable Products,58.30742246,50.12166583
Pork Products,-16.22214133,2.019489051
Snacks,-1.848152959,-9.27170496
Beef Products,7.787128715,19.07639456
Baked Products,-25.65221583,-15.79499289
Breakfast Cereals,17.96165456,11.37207098
Sweets,-23.52685542,-6.41767914
"Meals, Entrees, and Side Dishes",-14.72613073,-7.287841909
Nut and Seed Products,45.41798498,34.46885726
Dairy and Egg Products,1.35535533,-0.077421453
Poultry Products,19.22928408,7.093467999
"Soups, Sauces, and Gravies",25.64888101,6.599794229
Legumes and Legume Products,29.90921569,19.63442469
Sausages and Luncheon Meats,-16.51309042,-6.82333231
Fats and Oils,-20.85804796,-2.294324238
Cereal Grains and Pasta,25.13067303,27.04288705
"Lamb, Veal, and Game Products",15.97058824,22.27772903
