food_cat,actual_mean,predicted_mean
Beverages,-21.90187097,-1.800268494
Finfish and Shellfish Products,29.46664258,24.62995675
Fruits and Fruit Juices,66.02104638,55.94454377
Vegetables and Vegetable Products,56.19778873,52.30348289
Pork Products,-20.06017643,-3.994390807
Snacks,-5.225820776,-26.36112158
Beef Products,2.579365079,12.18273943
Baked Products,-34.62411513,-29.75241078
Breakfast Cereals,14.41924349,6.91487123
Sweets,-28.45841096,-20.97209921
"Meals, Entrees, and Side Dishes",-21.17028569,-11.01921689
Nut and Seed Products,38.176818,24.58621448
Dairy and Egg Products,-5.160570802,-7.080666045
Poultry Products,16.56421452,7.516329794
"Soups, Sauces, and Gravies",21.29459117,3.89300962
Legumes and Legume Products,28.73403927,16.80631354
Sausages and Luncheon Meats,-20.65455305,-15.52826027
Fats and Oils,-25.34434658,-10.57646328
Cereal Grains and Pasta,23.17081535,21.85737247
"Lamb, Veal, and Game Products",10.90977444,12.33692777
