food_cat,actual_mean,predicted_mean
Beverages,-14.91948294,3.9825871
Finfish and Shellfish Products,32.59850087,27.97757742
Fruits and Fruit Juices,66.43342282,56.9629058
Vegetables and Vegetable Products,57.23410603,55.06733917
Pork Products,-12.6429887,0.429039993
Snacks,-11.10532381,-29.69755626
Beef Products,5.22121212,15.87970637
Baked Products,-32.01756958,-27.90708313
Breakfast Cereals,9.882060771,4.955963653
Sweets,-25.01598916,-19.64283957
"Meals, Entrees, and Side Dishes",-11.51996282,-5.198659488
Nut and Seed Products,29.76705542,19.12836525
Dairy and Egg Products,-0.531801918,-0.486338113
Poultry Products,20.6482727,12.41327418
"Soups, Sauces, and Gravies",26.25434112,9.607246742
Legumes and Legume Products,31.22630003,17.11810781
Sausages and Luncheon Meats,-22.66926217,-11.71010626
Fats and Oils,-32.23413562,-19.04868091
Cereal Grains and Pasta,22.59041478,23.3404043
"Lamb, Veal, and Game Products",13.86734694,16.03771009
