food_cat,actual_mean,predicted_mean
Beverages,-21.90187097,32.8565048
Finfish and Shellfish Products,29.46664258,30.05002057
Fruits and Fruit Juices,66.02104638,34.85168657
Vegetables and Vegetable Products,56.19778873,35.7405718
Pork Products,-20.06017643,0.901218778
Snacks,-5.225820776,-30.70663948
Beef Products,2.579365079,4.506845145
Baked Products,-34.62411513,-22.48860482
Breakfast Cereals,14.41924349,-10.24315302
Sweets,-28.45841096,-11.63967703
"Meals, Entrees, and Side Dishes",-21.17028569,2.254809585
Nut and Seed Products,38.176818,6.065492276
Dairy and Egg Products,-5.160570802,-7.570777314
Poultry Products,16.56421452,16.10662761
"Soups, Sauces, and Gravies",21.29459117,6.504258505
Legumes and Legume Products,28.73403927,16.87074875
Sausages and Luncheon Meats,-20.65455305,-9.598694895
Fats and Oils,-25.34434658,15.40257546
Cereal Grains and Pasta,23.17081535,2.531138531
"Lamb, Veal, and Game Products",10.90977444,-9.302624963
