food_cat,actual_mean,predicted_mean
Beverages,-21.90187097,-11.78771838
Finfish and Shellfish Products,29.46664258,21.58486211
Fruits and Fruit Juices,66.02104638,51.09906553
Vegetables and Vegetable Products,56.19778873,47.53278885
Pork Products,-20.06017643,-3.603140831
Snacks,-5.225820776,-13.95287914
Beef Products,2.579365079,16.04224133
Baked Products,-34.62411513,-23.0286413
Breakfast Cereals,14.41924349,7.393871689
Sweets,-28.45841096,-12.93897573
"Meals, Entrees, and Side Dishes",-21.17028569,-12.63197251
Nut and Seed Products,38.176818,31.15716798
Dairy and Egg Products,-5.160570802,-7.220371034
Poultry Products,16.56421452,2.934100341
"Soups, Sauces, and Gravies",21.29459117,2.033626556
Legumes and Legume Products,28.73403927,15.68911147
Sausages and Luncheon Meats,-20.65455305,-13.16918802
Fats and Oils,-25.34434658,-7.05938975
Cereal Grains and Pasta,23.17081535,22.31268549
"Lamb, Veal, and Game Products",10.90977444,20.23245239
