food_cat,actual_mean,predicted_mean
Beverages,2.070898364,18.51563718
Finfish and Shellfish Products,26.56003783,22.91233827
Fruits and Fruit Juices,60.37384572,55.09478623
Vegetables and Vegetable Products,67.79183277,62.38436069
Pork Products,-36.1699495,-26.80932206
Snacks,-37.91515152,-48.11251315
Beef Products,-18.11327562,-9.988072485
Baked Products,-40.48602381,-40.48929641
Breakfast Cereals,16.08906329,11.14844351
Sweets,-25.81244668,-22.75508031
"Meals, Entrees, and Side Dishes",-15.37537546,-8.507808146
Nut and Seed Products,-8.288421284,-13.82884323
Dairy and Egg Products,-23.09113333,-20.14310354
Poultry Products,2.415717172,-2.527563704
"Soups, Sauces, and Gravies",15.98863067,7.511606967
Legumes and Legume Products,20.49234849,10.27975685
Sausages and Luncheon Meats,-46.47496599,-41.32467532
Fats and Oils,-53.80856576,-42.87956447
Cereal Grains and Pasta,29.65955473,28.13890112
"Lamb, Veal, and Game Products",-23.47474747,-18.93850727
