food_cat,actual_mean,predicted_mean
Beverages,-23.39228225,-2.051728432
Finfish and Shellfish Products,32.0032499,23.75794674
Fruits and Fruit Juices,70.4626458,59.38452469
Vegetables and Vegetable Products,58.35144579,54.72762768
Pork Products,-25.77734855,-4.493849058
Snacks,-8.050422278,-24.99830891
Beef Products,-0.967681526,12.8628047
Baked Products,-30.21808794,-26.47901412
Breakfast Cereals,15.48035775,8.085550335
Sweets,-25.96061488,-17.75851285
"Meals, Entrees, and Side Dishes",-18.30909358,-9.735325121
Nut and Seed Products,44.3315184,26.35404989
Dairy and Egg Products,-1.309923687,-3.611107497
Poultry Products,16.36647425,6.977098214
"Soups, Sauces, and Gravies",20.72192454,5.332319974
Legumes and Legume Products,31.87289528,18.61120661
Sausages and Luncheon Meats,-25.39687442,-15.1364187
Fats and Oils,-28.09029039,-6.099456185
Cereal Grains and Pasta,23.94034817,23.63303199
"Lamb, Veal, and Game Products",4.968085106,11.48806452
